ISO-10303-21;
HEADER;
FILE_DESCRIPTION (( 'STEP AP214' ),
    '1' );
FILE_NAME ('20C52D8C-E00A-4C90-81A1-5D30CE3CA97B.STEP',
    '2026-03-12T18:12:04',
    ( '' ),
    ( '' ),
    'SwSTEP 2.0',
    'SolidWorks 2022',
    '' );
FILE_SCHEMA (( 'AUTOMOTIVE_DESIGN' ));
ENDSEC;

DATA;
#1 = DIRECTION ( 'NONE',  ( -0.0000000000000000000, -0.0000000000000000000, -1.000000000000000000 ) ) ;
#2 = DIRECTION ( 'NONE',  ( 1.000000000000000000, 0.0000000000000000000, 0.0000000000000000000 ) ) ;
#3 = EDGE_CURVE ( 'NONE', #1096, #812, #445, .T. ) ;
#4 = CARTESIAN_POINT ( 'NONE',  ( -2.531176475593774455, 1.310602836896777701, 0.2750000000000000222 ) ) ;
#5 = CARTESIAN_POINT ( 'NONE',  ( -1.969501567322673008, -1.472187296015303293, 0.2750000000000000777 ) ) ;
#6 = EDGE_CURVE ( 'NONE', #714, #702, #355, .T. ) ;
#7 = VERTEX_POINT ( 'NONE', #471 ) ;
#8 = APPLICATION_CONTEXT ( 'automotive_design' ) ;
#9 = CARTESIAN_POINT ( 'NONE',  ( 0.9699999999999999734, -0.2999999999999999889, 0.2750000000000000222 ) ) ;
#10 = EDGE_CURVE ( 'NONE', #771, #739, #842, .T. ) ;
#11 = CARTESIAN_POINT ( 'NONE',  ( 0.7700000000000000178, -0.5000000000000000000, 0.2750000000000000222 ) ) ;
#12 = LINE ( 'NONE', #304, #744 ) ;
#13 = ORIENTED_EDGE ( 'NONE', *, *, #1018, .T. ) ;
#14 = MECHANICAL_DESIGN_GEOMETRIC_PRESENTATION_REPRESENTATION (  '', ( #198 ), #981 ) ;
#15 =( NAMED_UNIT ( * ) PLANE_ANGLE_UNIT ( ) SI_UNIT ( $, .RADIAN. ) );
#16 = VECTOR ( 'NONE', #590, 1000.000000000000000 ) ;
#17 = AXIS2_PLACEMENT_3D ( 'NONE', #19, #1049, #403 ) ;
#18 = PRESENTATION_STYLE_ASSIGNMENT (( #498 ) ) ;
#19 = CARTESIAN_POINT ( 'NONE',  ( 0.0000000000000000000, 0.0000000000000000000, 1.024999999999999911 ) ) ;
#20 = AXIS2_PLACEMENT_3D ( 'NONE', #280, #735, #557 ) ;
#21 = PRESENTATION_STYLE_ASSIGNMENT (( #481 ) ) ;
#22 = FACE_OUTER_BOUND ( 'NONE', #623, .T. ) ;
#23 = VERTEX_POINT ( 'NONE', #645 ) ;
#24 = EDGE_CURVE ( 'NONE', #972, #1001, #271, .T. ) ;
#25 = CARTESIAN_POINT ( 'NONE',  ( -0.7467098751147072111, 2.338558920049042200, 0.2750000000000001332 ) ) ;
#26 = LINE ( 'NONE', #411, #473 ) ;
#27 = VERTEX_POINT ( 'NONE', #1132 ) ;
#28 = DIRECTION ( 'NONE',  ( 0.0000000000000000000, -1.000000000000000000, -0.0000000000000000000 ) ) ;
#29 = CARTESIAN_POINT ( 'NONE',  ( -0.8871572875253810331, -0.3828427124746189292, 0.2749999999999999667 ) ) ;
#30 = CARTESIAN_POINT ( 'NONE',  ( -1.913209343605981827, 1.539101315882856591, 0.2750000000000000777 ) ) ;
#31 = CARTESIAN_POINT ( 'NONE',  ( -2.055422776798967455, -1.333318119810662283, 0.2750000000000000222 ) ) ;
#32 = DIRECTION ( 'NONE',  ( 0.0000000000000000000, 0.0000000000000000000, -1.000000000000000000 ) ) ;
#33 = EDGE_LOOP ( 'NONE', ( #114, #172, #353, #142 ) ) ;
#34 = CARTESIAN_POINT ( 'NONE',  ( -0.7700000000000000178, 0.5000000000000000000, 0.2750000000000000222 ) ) ;
#35 = MECHANICAL_DESIGN_GEOMETRIC_PRESENTATION_REPRESENTATION (  '', ( #57 ), #294 ) ;
#36 = VECTOR ( 'NONE', #793, 1000.000000000000000 ) ;
#37 = DIRECTION ( 'NONE',  ( 0.0000000000000000000, -1.000000000000000000, -0.0000000000000000000 ) ) ;
#38 =( BOUNDED_CURVE ( )  B_SPLINE_CURVE ( 3, ( #932, #108, #95, #467 ),
 .UNSPECIFIED., .F., .T. ) 
 B_SPLINE_CURVE_WITH_KNOTS ( ( 4, 4 ),
 ( 3.141592653589793116, 4.712388980384689674 ),
 .UNSPECIFIED. ) 
 CURVE ( )  GEOMETRIC_REPRESENTATION_ITEM ( )  RATIONAL_B_SPLINE_CURVE ( ( 1.000000000000000000, 0.8047378541243649375, 0.8047378541243649375, 1.000000000000000000 ) ) 
 REPRESENTATION_ITEM ( '' )  );
#39 = AXIS2_PLACEMENT_3D ( 'NONE', #503, #967, #1057 ) ;
#40 = FACE_OUTER_BOUND ( 'NONE', #938, .T. ) ;
#41 = VECTOR ( 'NONE', #141, 1000.000000000000000 ) ;
#42 = EDGE_LOOP ( 'NONE', ( #269, #814, #796 ) ) ;
#43 = FILL_AREA_STYLE_COLOUR ( '', #649 ) ;
#44 = CARTESIAN_POINT ( 'NONE',  ( -2.223212391231644602, -1.442160415305480559, 0.07499999999999999722 ) ) ;
#45 = EDGE_CURVE ( 'NONE', #746, #771, #492, .T. ) ;
#46 = ORIENTED_EDGE ( 'NONE', *, *, #329, .F. ) ;
#47 = SURFACE_STYLE_USAGE ( .BOTH. , #1085 ) ;
#48 = UNCERTAINTY_MEASURE_WITH_UNIT (LENGTH_MEASURE( 1.000000000000000082E-05 ), #715, 'distance_accuracy_value', 'NONE');
#49 = ORIENTED_EDGE ( 'NONE', *, *, #1095, .F. ) ;
#50 = LINE ( 'NONE', #256, #420 ) ;
#51 = CARTESIAN_POINT ( 'NONE',  ( -3.080691742001405053, -0.1202833913457096587, 0.1921572875254363433 ) ) ;
#52 = ADVANCED_FACE ( 'NONE', ( #956 ), #869, .T. ) ;
#53 = VERTEX_POINT ( 'NONE', #862 ) ;
#54 = CYLINDRICAL_SURFACE ( 'NONE', #943, 0.2000000000000000389 ) ;
#55 = VERTEX_POINT ( 'NONE', #486 ) ;
#56 = SURFACE_SIDE_STYLE ('',( #612 ) ) ;
#57 = STYLED_ITEM ( 'NONE', ( #21 ), #52 ) ;
#58 = CARTESIAN_POINT ( 'NONE',  ( 1.038779743055966653, -3.014702095217541178, 0.2750000000000000222 ) ) ;
#59 = DIRECTION ( 'NONE',  ( -0.0000000000000000000, -0.0000000000000000000, -1.000000000000000000 ) ) ;
#60 = STYLED_ITEM ( 'NONE', ( #815 ), #455 ) ;
#61 = PRESENTATION_LAYER_ASSIGNMENT (  '', '', ( #103 ) ) ;
#62 = ORIENTED_EDGE ( 'NONE', *, *, #102, .T. ) ;
#63 = AXIS2_PLACEMENT_3D ( 'NONE', #91, #1092, #823 ) ;
#64 = ORIENTED_EDGE ( 'NONE', *, *, #1105, .T. ) ;
#65 = EDGE_CURVE ( 'NONE', #90, #526, #776, .T. ) ;
#66 = CARTESIAN_POINT ( 'NONE',  ( -1.002013693832202623, -3.027120849068500874, 0.2750000000000000777 ) ) ;
#67 = ORIENTED_EDGE ( 'NONE', *, *, #795, .T. ) ;
#68 = DIRECTION ( 'NONE',  ( 0.0000000000000000000, 0.0000000000000000000, 1.000000000000000000 ) ) ;
#69 = EDGE_LOOP ( 'NONE', ( #665, #1211, #412, #260 ) ) ;
#70 = EDGE_CURVE ( 'NONE', #526, #520, #217, .T. ) ;
#71 = DIRECTION ( 'NONE',  ( -0.8490566037558721080, -0.5283018868209197194, 0.0000000000000000000 ) ) ;
#72 = CARTESIAN_POINT ( 'NONE',  ( -1.770000000000000018, -0.5000000000000000000, 0.2750000000000000222 ) ) ;
#73 = B_SPLINE_CURVE_WITH_KNOTS ( 'NONE', 3,
 ( #660, #953, #684, #478, #578, #192, #382, #858, #386, #301, #752, #110 ),
 .UNSPECIFIED., .F., .F.,
 ( 4, 2, 2, 2, 2, 4 ),
 ( 0.0000000000000000000, 0.2500000000000026090, 0.3750000000000037748, 0.4375000000000041078, 0.5000000000000044409, 1.000000000000000000 ),
 .UNSPECIFIED. ) ;
#74 = VERTEX_POINT ( 'NONE', #970 ) ;
#75 = PLANE ( 'NONE',  #63 ) ;
#76 = EDGE_CURVE ( 'NONE', #131, #23, #1054, .T. ) ;
#77 = SURFACE_SIDE_STYLE ('',( #92 ) ) ;
#78 = CARTESIAN_POINT ( 'NONE',  ( -2.453123250230335284, -0.09265591434284331518, 0.2750000000000000222 ) ) ;
#79 = EDGE_CURVE ( 'NONE', #418, #85, #314, .T. ) ;
#80 = COLOUR_RGB ( '',0.8000000000000000444, 0.8000000000000000444, 0.8000000000000000444 ) ;
#81 = CARTESIAN_POINT ( 'NONE',  ( 1.570000000000000062, 0.2999999999999999889, -2.975000000000000089 ) ) ;
#82 =( NAMED_UNIT ( * ) PLANE_ANGLE_UNIT ( ) SI_UNIT ( $, .RADIAN. ) );
#83 = MECHANICAL_DESIGN_GEOMETRIC_PRESENTATION_REPRESENTATION (  '', ( #422 ), #861 ) ;
#84 = CIRCLE ( 'NONE', #401, 2.500000000000000000 ) ;
#85 = VERTEX_POINT ( 'NONE', #681 ) ;
#86 = SURFACE_SIDE_STYLE ('',( #270 ) ) ;
#87 =( NAMED_UNIT ( * ) PLANE_ANGLE_UNIT ( ) SI_UNIT ( $, .RADIAN. ) );
#88 = CARTESIAN_POINT ( 'NONE',  ( -2.306868882561876166, 0.8262667192024946150, 0.2749999999999999667 ) ) ;
#89 = DIRECTION ( 'NONE',  ( -1.000000000000000000, -0.0000000000000000000, -0.0000000000000000000 ) ) ;
#90 = VERTEX_POINT ( 'NONE', #670 ) ;
#91 = CARTESIAN_POINT ( 'NONE',  ( 1.570000000000000062, -0.2999999999999999889, 0.2750000000000000222 ) ) ;
#92 = SURFACE_STYLE_FILL_AREA ( #1184 ) ;
#93 = CARTESIAN_POINT ( 'NONE',  ( 0.0000000000000000000, 0.0000000000000000000, 0.02500000000000000139 ) ) ;
#94 = B_SPLINE_CURVE_WITH_KNOTS ( 'NONE', 3,
 ( #653, #1113, #273, #923, #565, #937, #99, #843, #1210, #390, #212, #1044, #575, #405, #493, #1061, #129, #601, #971, #586, #783, #113, #218, #205, #5, #964 ),
 .UNSPECIFIED., .F., .F.,
 ( 4, 1, 2, 2, 2, 2, 1, 2, 2, 2, 2, 2, 2, 4 ),
 ( 0.0000000000000000000, 0.04886504260537452571, 0.06108130325671817795, 0.07329756390806183020, 0.09773008521074914856, 0.1465951278161237437, 0.1710276491188110759, 0.1832439097701547004, 0.1954601704214983804, 0.2443252130268729894, 0.2931902556322475983, 0.3176227769349348473, 0.3420552982376220963, 0.3909203408429964832 ),
 .UNSPECIFIED. ) ;
#95 = CARTESIAN_POINT ( 'NONE',  ( 1.652842712474619224, 0.3828427124746189292, 0.2749999999999999667 ) ) ;
#96 = EDGE_LOOP ( 'NONE', ( #920, #913, #368, #324 ) ) ;
#97 = CARTESIAN_POINT ( 'NONE',  ( -2.500000000000000000, -3.061616997868383141E-16, 6.224999999999999645 ) ) ;
#98 =( BOUNDED_SURFACE ( )  B_SPLINE_SURFACE ( 3, 3, ( 
 ( #712, #66, #58, #883 ),
 ( #443, #706, #537, #998 ),
 ( #911, #321, #891, #1083 ),
 ( #695, #232, #600, #976 ) ),
 .UNSPECIFIED., .F., .F., .T. ) 
 B_SPLINE_SURFACE_WITH_KNOTS ( ( 4, 4 ),
 ( 4, 4 ),
 ( 0.0000000000000000000, 1.000000000000000000 ),
 ( 0.0000000000000000000, 1.000000000000000000 ),
 .UNSPECIFIED. ) 
 GEOMETRIC_REPRESENTATION_ITEM ( )  RATIONAL_B_SPLINE_SURFACE ( (
 ( 1.000000000000000000, 0.6820836486429368017, 0.6820836486429368017, 1.000000000000000000),
 ( 0.8047378541242240502, 0.5488985317421382071, 0.5488985317421382071, 0.8047378541242240502),
 ( 0.8047378541242240502, 0.5488985317421382071, 0.5488985317421382071, 0.8047378541242240502),
 ( 1.000000000000000000, 0.6820836486429368017, 0.6820836486429368017, 1.000000000000000000) ) ) 
 REPRESENTATION_ITEM ( '' )  SURFACE ( )  );
#99 = CARTESIAN_POINT ( 'NONE',  ( 1.343236814224663567, -2.051858119051908069, 0.2750000000000000777 ) ) ;
#100 = AXIS2_PLACEMENT_3D ( 'NONE', #975, #705, #320 ) ;
#101 = MECHANICAL_DESIGN_GEOMETRIC_PRESENTATION_REPRESENTATION (  '', ( #60 ), #983 ) ;
#102 = EDGE_CURVE ( 'NONE', #391, #55, #940, .T. ) ;
#103 = STYLED_ITEM ( 'NONE', ( #720 ), #867 ) ;
#104 =( NAMED_UNIT ( * ) SI_UNIT ( $, .STERADIAN. ) SOLID_ANGLE_UNIT ( ) );
#105 = FACE_OUTER_BOUND ( 'NONE', #96, .T. ) ;
#106 = FACE_OUTER_BOUND ( 'NONE', #138, .T. ) ;
#107 = CARTESIAN_POINT ( 'NONE',  ( 0.0000000000000000000, 0.0000000000000000000, 0.07499999999999999722 ) ) ;
#108 = CARTESIAN_POINT ( 'NONE',  ( 1.569999999999999840, 0.3000000000000000444, 0.1921572875253809154 ) ) ;
#109 = ORIENTED_EDGE ( 'NONE', *, *, #1110, .F. ) ;
#110 = CARTESIAN_POINT ( 'NONE',  ( 2.249999999952205343, -1.400000000076127904, 0.07499999999999998335 ) ) ;
#111 = CYLINDRICAL_SURFACE ( 'NONE', #168, 0.1999999999999999833 ) ;
#112 = CARTESIAN_POINT ( 'NONE',  ( -0.05749905275094372575, 2.849776834352814259, 0.2750000000000000222 ) ) ;
#113 = CARTESIAN_POINT ( 'NONE',  ( -1.526061144896248001, -1.919697334316997850, 0.2750000000000000222 ) ) ;
#114 = ORIENTED_EDGE ( 'NONE', *, *, #1183, .F. ) ;
#115 = FILL_AREA_STYLE ('',( #227 ) ) ;
#116 = PLANE ( 'NONE',  #885 ) ;
#117 = CARTESIAN_POINT ( 'NONE',  ( -1.629114716780501793, 1.831974163917833964, 0.2750000000000000777 ) ) ;
#118 =( NAMED_UNIT ( * ) PLANE_ANGLE_UNIT ( ) SI_UNIT ( $, .RADIAN. ) );
#119 = ADVANCED_FACE ( 'NONE', ( #574 ), #834, .F. ) ;
#120 = CYLINDRICAL_SURFACE ( 'NONE', #570, 0.2000000000000000389 ) ;
#121 = ORIENTED_EDGE ( 'NONE', *, *, #209, .F. ) ;
#122 = FACE_OUTER_BOUND ( 'NONE', #958, .T. ) ;
#123 = AXIS2_PLACEMENT_3D ( 'NONE', #529, #1150, #903 ) ;
#124 = CARTESIAN_POINT ( 'NONE',  ( 1.570000000000000062, 0.3000000000000000444, 0.07499999999999995559 ) ) ;
#125 = COLOUR_RGB ( '',0.8000000000000000444, 0.8000000000000000444, 0.8000000000000000444 ) ;
#126 = AXIS2_PLACEMENT_3D ( 'NONE', #992, #328, #154 ) ;
#127 = CARTESIAN_POINT ( 'NONE',  ( 1.770000000000000018, 0.5000000000000000000, 0.2750000000000000222 ) ) ;
#128 = CARTESIAN_POINT ( 'NONE',  ( -0.7700000000000000178, -0.2999999999999999889, 0.07499999999999999722 ) ) ;
#129 = CARTESIAN_POINT ( 'NONE',  ( -0.4394147777871160732, -2.418660627123009110, 0.2750000000000000777 ) ) ;
#130 = EDGE_CURVE ( 'NONE', #526, #429, #800, .T. ) ;
#131 = VERTEX_POINT ( 'NONE', #1065 ) ;
#132 = CARTESIAN_POINT ( 'NONE',  ( -1.570000000000000284, -0.2999999999999999889, 0.07499999999999998335 ) ) ;
#133 = FILL_AREA_STYLE_COLOUR ( '', #538 ) ;
#134 = DIRECTION ( 'NONE',  ( 0.0000000000000000000, -1.000000000000000000, 0.0000000000000000000 ) ) ;
#135 =( BOUNDED_CURVE ( )  B_SPLINE_CURVE ( 3, ( #634, #732, #550, #357 ),
 .UNSPECIFIED., .F., .F. ) 
 B_SPLINE_CURVE_WITH_KNOTS ( ( 4, 4 ),
 ( 3.141592653589793116, 4.712388980384689674 ),
 .UNSPECIFIED. ) 
 CURVE ( )  GEOMETRIC_REPRESENTATION_ITEM ( )  RATIONAL_B_SPLINE_CURVE ( ( 1.000000000000000000, 0.8047378541243649375, 0.8047378541243649375, 1.000000000000000000 ) ) 
 REPRESENTATION_ITEM ( '' )  );
#136 = DIRECTION ( 'NONE',  ( -1.000000000000000000, 0.0000000000000000000, 0.0000000000000000000 ) ) ;
#137 = DIRECTION ( 'NONE',  ( -0.0000000000000000000, -0.0000000000000000000, -1.000000000000000000 ) ) ;
#138 = EDGE_LOOP ( 'NONE', ( #549, #109, #121, #399 ) ) ;
#139 = DIRECTION ( 'NONE',  ( 0.0000000000000000000, -1.000000000000000000, 0.0000000000000000000 ) ) ;
#140 = CARTESIAN_POINT ( 'NONE',  ( 0.9699999999999999734, 0.3000000000000000444, 0.07499999999999998335 ) ) ;
#141 = DIRECTION ( 'NONE',  ( -0.0000000000000000000, 1.000000000000000000, 0.0000000000000000000 ) ) ;
#142 = ORIENTED_EDGE ( 'NONE', *, *, #703, .F. ) ;
#143 = LINE ( 'NONE', #325, #1205 ) ;
#144 = PRODUCT_CONTEXT ( 'NONE', #8, 'mechanical' ) ;
#145 = AXIS2_PLACEMENT_3D ( 'NONE', #430, #1157, #505 ) ;
#146 = ADVANCED_FACE ( 'NONE', ( #524 ), #98, .F. ) ;
#147 = DIRECTION ( 'NONE',  ( 0.0000000000000000000, 1.000000000000000000, -0.0000000000000000000 ) ) ;
#148 = VECTOR ( 'NONE', #870, 1000.000000000000000 ) ;
#149 = PRESENTATION_LAYER_ASSIGNMENT (  '', '', ( #150 ) ) ;
#150 = STYLED_ITEM ( 'NONE', ( #1137 ), #517 ) ;
#151 = VERTEX_POINT ( 'NONE', #140 ) ;
#152 = FACE_BOUND ( 'NONE', #1040, .T. ) ;
#153 = LINE ( 'NONE', #792, #759 ) ;
#154 = DIRECTION ( 'NONE',  ( -1.000000000000000000, 0.0000000000000000000, 0.0000000000000000000 ) ) ;
#155 = ORIENTED_EDGE ( 'NONE', *, *, #848, .T. ) ;
#156 = DIRECTION ( 'NONE',  ( 0.0000000000000000000, 1.000000000000000000, 0.0000000000000000000 ) ) ;
#157 = PRODUCT_DEFINITION_CONTEXT ( 'detailed design', #766, 'design' ) ;
#158 = CARTESIAN_POINT ( 'NONE',  ( -1.570000000000000062, -0.5000000000000000000, 0.07499999999999999722 ) ) ;
#159 = LINE ( 'NONE', #530, #497 ) ;
#160 = ADVANCED_FACE ( 'NONE', ( #40 ), #606, .T. ) ;
#161 = ADVANCED_FACE ( 'NONE', ( #376 ), #1093, .F. ) ;
#162 = ORIENTED_EDGE ( 'NONE', *, *, #1060, .T. ) ;
#163 = ORIENTED_EDGE ( 'NONE', *, *, #402, .F. ) ;
#164 = PRESENTATION_LAYER_ASSIGNMENT (  '', '', ( #1078 ) ) ;
#165 = CARTESIAN_POINT ( 'NONE',  ( -3.080691742001405053, -0.1202833913457094228, 0.07499999999999998335 ) ) ;
#166 = CARTESIAN_POINT ( 'NONE',  ( -0.9699999999999999734, 0.0000000000000000000, -2.975000000000000089 ) ) ;
#167 =( GEOMETRIC_REPRESENTATION_CONTEXT ( 3 ) GLOBAL_UNCERTAINTY_ASSIGNED_CONTEXT ( ( #214 ) ) GLOBAL_UNIT_ASSIGNED_CONTEXT ( ( #939, #475, #1147 ) ) REPRESENTATION_CONTEXT ( 'NONE', 'WORKASPACE' ) );
#168 = AXIS2_PLACEMENT_3D ( 'NONE', #415, #134, #580 ) ;
#169 = EDGE_LOOP ( 'NONE', ( #335, #474, #790, #924 ) ) ;
#170 = CYLINDRICAL_SURFACE ( 'NONE', #609, 2.899999999999999911 ) ;
#171 = MECHANICAL_DESIGN_GEOMETRIC_PRESENTATION_REPRESENTATION (  '', ( #202 ), #841 ) ;
#172 = ORIENTED_EDGE ( 'NONE', *, *, #553, .F. ) ;
#173 = CARTESIAN_POINT ( 'NONE',  ( 2.500000000000000000, 4.999999999999999112, 16.22499999999999432 ) ) ;
#174 = CARTESIAN_POINT ( 'NONE',  ( -1.652842712474619224, -0.3828427124746189292, 0.2749999999999999667 ) ) ;
#175 = ORIENTED_EDGE ( 'NONE', *, *, #755, .T. ) ;
#176 = DIRECTION ( 'NONE',  ( 0.0000000000000000000, 1.000000000000000000, -0.0000000000000000000 ) ) ;
#177 = ORIENTED_EDGE ( 'NONE', *, *, #374, .T. ) ;
#178 = PLANE ( 'NONE',  #1128 ) ;
#179 = CARTESIAN_POINT ( 'NONE',  ( 0.7700000000000000178, -0.5000000000000000000, 0.2750000000000000222 ) ) ;
#180 =( GEOMETRIC_REPRESENTATION_CONTEXT ( 3 ) GLOBAL_UNCERTAINTY_ASSIGNED_CONTEXT ( ( #987 ) ) GLOBAL_UNIT_ASSIGNED_CONTEXT ( ( #824, #184, #1014 ) ) REPRESENTATION_CONTEXT ( 'NONE', 'WORKASPACE' ) );
#181 = PRODUCT_DEFINITION_SHAPE ( 'NONE', 'NONE',  #477 ) ;
#182 = AXIS2_PLACEMENT_3D ( 'NONE', #248, #613, #898 ) ;
#183 = CARTESIAN_POINT ( 'NONE',  ( 2.049999999951999996, 1.400000000076000006, 0.2750000000000000222 ) ) ;
#184 =( NAMED_UNIT ( * ) PLANE_ANGLE_UNIT ( ) SI_UNIT ( $, .RADIAN. ) );
#185 = CARTESIAN_POINT ( 'NONE',  ( 0.9699999999999999734, -0.5000000000000000000, 0.07499999999999999722 ) ) ;
#186 = DIRECTION ( 'NONE',  ( -0.0000000000000000000, 1.000000000000000000, 0.0000000000000000000 ) ) ;
#187 = ORIENTED_EDGE ( 'NONE', *, *, #890, .F. ) ;
#188 = CARTESIAN_POINT ( 'NONE',  ( -2.499999999999999556, -4.999999999999999112, 16.22499999999999432 ) ) ;
#189 = SURFACE_SIDE_STYLE ('',( #658 ) ) ;
#190 = ADVANCED_FACE ( 'NONE', ( #265 ), #178, .T. ) ;
#191 = ORIENTED_EDGE ( 'NONE', *, *, #1136, .F. ) ;
#192 = CARTESIAN_POINT ( 'NONE',  ( 2.170896207311107329, -1.377277345037197787, 0.2344048808514443971 ) ) ;
#193 = FILL_AREA_STYLE ('',( #839 ) ) ;
#194 = DIRECTION ( 'NONE',  ( 0.0000000000000000000, 0.0000000000000000000, 1.000000000000000000 ) ) ;
#195 =( LENGTH_UNIT ( ) NAMED_UNIT ( * ) SI_UNIT ( .MILLI., .METRE. ) );
#196 = CARTESIAN_POINT ( 'NONE',  ( 0.9699999999999999734, -0.2999999999999999889, 0.07499999999999998335 ) ) ;
#197 = STYLED_ITEM ( 'NONE', ( #982 ), #160 ) ;
#198 = STYLED_ITEM ( 'NONE', ( #18 ), #224 ) ;
#199 = ORIENTED_EDGE ( 'NONE', *, *, #1095, .T. ) ;
#200 = VECTOR ( 'NONE', #451, 1000.000000000000000 ) ;
#201 = CARTESIAN_POINT ( 'NONE',  ( 0.09876138132504999612, -0.5000000000000000000, 0.2750000000000000222 ) ) ;
#202 = STYLED_ITEM ( 'NONE', ( #464 ), #1126 ) ;
#203 = CARTESIAN_POINT ( 'NONE',  ( -1.369419324537006100, 2.031964029101168023, 0.2749999999999999667 ) ) ;
#204 = FILL_AREA_STYLE_COLOUR ( '', #687 ) ;
#205 = CARTESIAN_POINT ( 'NONE',  ( -1.834459670596286562, -1.637688889153506633, 0.2750000000000000777 ) ) ;
#206 = VERTEX_POINT ( 'NONE', #1130 ) ;
#207 = CARTESIAN_POINT ( 'NONE',  ( -1.770000000000000018, 0.5000000000000000000, 0.2750000000000000222 ) ) ;
#208 =( NAMED_UNIT ( * ) PLANE_ANGLE_UNIT ( ) SI_UNIT ( $, .RADIAN. ) );
#209 = EDGE_CURVE ( 'NONE', #254, #952, #360, .T. ) ;
#210 = CARTESIAN_POINT ( 'NONE',  ( 2.113499125781953758, 1.360569211933662093, 0.2750000000000379918 ) ) ;
#211 = CARTESIAN_POINT ( 'NONE',  ( -2.101850243979987543, 1.269731668581735473, 0.2750000000000000222 ) ) ;
#212 = CARTESIAN_POINT ( 'NONE',  ( 0.4738713144921508635, -2.406268200625680809, 0.2750000000000001332 ) ) ;
#213 = ORIENTED_EDGE ( 'NONE', *, *, #1087, .F. ) ;
#214 = UNCERTAINTY_MEASURE_WITH_UNIT (LENGTH_MEASURE( 1.000000000000000082E-05 ), #939, 'distance_accuracy_value', 'NONE');
#215 =( LENGTH_UNIT ( ) NAMED_UNIT ( * ) SI_UNIT ( .MILLI., .METRE. ) );
#216 = CARTESIAN_POINT ( 'NONE',  ( 0.4242899736840246017, 2.414601142117106303, 0.2749999999999999667 ) ) ;
#217 = LINE ( 'NONE', #416, #630 ) ;
#218 = CARTESIAN_POINT ( 'NONE',  ( -1.606652256631571296, -1.852884230093778006, 0.2750000000000000222 ) ) ;
#219 = VERTEX_POINT ( 'NONE', #127 ) ;
#220 = DIRECTION ( 'NONE',  ( -1.000000000000000000, 0.0000000000000000000, -0.0000000000000000000 ) ) ;
#221 = VECTOR ( 'NONE', #569, 1000.000000000000000 ) ;
#222 = CIRCLE ( 'NONE', #1206, 2.649999999999999911 ) ;
#223 = CARTESIAN_POINT ( 'NONE',  ( -2.278048119110521519, 0.9028821847754360252, 0.2750000000000000777 ) ) ;
#224 = ADVANCED_FACE ( 'NONE', ( #105 ), #116, .T. ) ;
#225 = DIRECTION ( 'NONE',  ( 1.000000000000000000, -0.0000000000000000000, 0.0000000000000000000 ) ) ;
#226 = ORIENTED_EDGE ( 'NONE', *, *, #767, .T. ) ;
#227 = FILL_AREA_STYLE_COLOUR ( '', #1152 ) ;
#228 = UNCERTAINTY_MEASURE_WITH_UNIT (LENGTH_MEASURE( 1.000000000000000082E-05 ), #472, 'distance_accuracy_value', 'NONE');
#229 =( BOUNDED_CURVE ( )  B_SPLINE_CURVE ( 3, ( #717, #237, #29, #694 ),
 .UNSPECIFIED., .F., .T. ) 
 B_SPLINE_CURVE_WITH_KNOTS ( ( 4, 4 ),
 ( 3.141592653589793116, 4.712388980384689674 ),
 .UNSPECIFIED. ) 
 CURVE ( )  GEOMETRIC_REPRESENTATION_ITEM ( )  RATIONAL_B_SPLINE_CURVE ( ( 1.000000000000000000, 0.8047378541243649375, 0.8047378541243649375, 1.000000000000000000 ) ) 
 REPRESENTATION_ITEM ( '' )  );
#230 = DIRECTION ( 'NONE',  ( -0.0000000000000000000, -0.0000000000000000000, -1.000000000000000000 ) ) ;
#231 = DIRECTION ( 'NONE',  ( -0.0000000000000000000, -1.000000000000000000, -0.0000000000000000000 ) ) ;
#232 = CARTESIAN_POINT ( 'NONE',  ( -1.083810730063455408, -3.274232755115068283, 0.07499999999999999722 ) ) ;
#233 = FACE_OUTER_BOUND ( 'NONE', #42, .T. ) ;
#234 = EDGE_LOOP ( 'NONE', ( #316, #1063, #677, #1031 ) ) ;
#235 = EDGE_CURVE ( 'NONE', #654, #1100, #153, .T. ) ;
#236 = EDGE_CURVE ( 'NONE', #906, #418, #598, .T. ) ;
#237 = CARTESIAN_POINT ( 'NONE',  ( -0.9699999999999998623, -0.3000000000000000444, 0.1921572875253809154 ) ) ;
#238 = SURFACE_STYLE_USAGE ( .BOTH. , #1071 ) ;
#239 = DIRECTION ( 'NONE',  ( 0.0000000000000000000, 1.000000000000000000, -0.0000000000000000000 ) ) ;
#240 = ORIENTED_EDGE ( 'NONE', *, *, #24, .T. ) ;
#241 = FACE_OUTER_BOUND ( 'NONE', #797, .T. ) ;
#242 = UNCERTAINTY_MEASURE_WITH_UNIT (LENGTH_MEASURE( 1.000000000000000082E-05 ), #215, 'distance_accuracy_value', 'NONE');
#243 = VERTEX_POINT ( 'NONE', #874 ) ;
#244 = EDGE_CURVE ( 'NONE', #23, #243, #358, .T. ) ;
#245 = VECTOR ( 'NONE', #342, 1000.000000000000000 ) ;
#246 = UNCERTAINTY_MEASURE_WITH_UNIT (LENGTH_MEASURE( 1.000000000000000082E-05 ), #195, 'distance_accuracy_value', 'NONE');
#247 =( GEOMETRIC_REPRESENTATION_CONTEXT ( 3 ) GLOBAL_UNCERTAINTY_ASSIGNED_CONTEXT ( ( #773 ) ) GLOBAL_UNIT_ASSIGNED_CONTEXT ( ( #1135, #419, #305 ) ) REPRESENTATION_CONTEXT ( 'NONE', 'WORKASPACE' ) );
#248 = CARTESIAN_POINT ( 'NONE',  ( 0.0000000000000000000, 0.0000000000000000000, 0.02500000000000000139 ) ) ;
#249 = ORIENTED_EDGE ( 'NONE', *, *, #65, .F. ) ;
#250 = PLANE ( 'NONE',  #742 ) ;
#251 = DIRECTION ( 'NONE',  ( -1.000000000000000000, 0.0000000000000000000, -0.0000000000000000000 ) ) ;
#252 = ADVANCED_FACE ( 'NONE', ( #511 ), #332, .F. ) ;
#253 = CARTESIAN_POINT ( 'NONE',  ( 1.423023617267152208, 2.625858959352869615, 0.2750000000000698552 ) ) ;
#254 = VERTEX_POINT ( 'NONE', #442 ) ;
#255 = DIRECTION ( 'NONE',  ( 0.0000000000000000000, 0.0000000000000000000, 1.000000000000000000 ) ) ;
#256 = CARTESIAN_POINT ( 'NONE',  ( 2.249999999952000174, 1.400000000076000006, 0.07499999999999999722 ) ) ;
#257 = CARTESIAN_POINT ( 'NONE',  ( 2.275990614754570096, 1.357338101413614551, 0.07499999999999999722 ) ) ;
#258 = EDGE_CURVE ( 'NONE', #254, #659, #50, .T. ) ;
#259 = CARTESIAN_POINT ( 'NONE',  ( 0.0000000000000000000, 0.0000000000000000000, 1.024999999999999911 ) ) ;
#260 = ORIENTED_EDGE ( 'NONE', *, *, #76, .F. ) ;
#261 = DIRECTION ( 'NONE',  ( -0.0000000000000000000, -1.000000000000000000, -0.0000000000000000000 ) ) ;
#262 = ORIENTED_EDGE ( 'NONE', *, *, #236, .F. ) ;
#263 = VECTOR ( 'NONE', #568, 1000.000000000000000 ) ;
#264 = STYLED_ITEM ( 'NONE', ( #284 ), #161 ) ;
#265 = FACE_OUTER_BOUND ( 'NONE', #1188, .T. ) ;
#266 = DIRECTION ( 'NONE',  ( -1.000000000000000000, 0.0000000000000000000, 0.0000000000000000000 ) ) ;
#267 = AXIS2_PLACEMENT_3D ( 'NONE', #770, #296, #855 ) ;
#268 =( NAMED_UNIT ( * ) SI_UNIT ( $, .STERADIAN. ) SOLID_ANGLE_UNIT ( ) );
#269 = ORIENTED_EDGE ( 'NONE', *, *, #718, .T. ) ;
#270 = SURFACE_STYLE_FILL_AREA ( #354 ) ;
#271 =( BOUNDED_CURVE ( )  B_SPLINE_CURVE ( 3, ( #295, #581, #1043, #11 ),
 .UNSPECIFIED., .F., .F. ) 
 B_SPLINE_CURVE_WITH_KNOTS ( ( 4, 4 ),
 ( 3.141592653589793116, 4.712388980384689674 ),
 .UNSPECIFIED. ) 
 CURVE ( )  GEOMETRIC_REPRESENTATION_ITEM ( )  RATIONAL_B_SPLINE_CURVE ( ( 1.000000000000000000, 0.8047378541243649375, 0.8047378541243649375, 1.000000000000000000 ) ) 
 REPRESENTATION_ITEM ( '' )  );
#272 = FACE_OUTER_BOUND ( 'NONE', #589, .T. ) ;
#273 = CARTESIAN_POINT ( 'NONE',  ( 1.780174734170031581, -1.698972034517795437, 0.2750000000000000777 ) ) ;
#274 = ORIENTED_EDGE ( 'NONE', *, *, #24, .F. ) ;
#275 = CARTESIAN_POINT ( 'NONE',  ( -1.570000000000000062, -0.2999999999999999889, 0.2750000000000000222 ) ) ;
#276 = CARTESIAN_POINT ( 'NONE',  ( -2.320934355707497510, 0.7857007466217225122, 0.2750000000000000222 ) ) ;
#277 = DIRECTION ( 'NONE',  ( -1.000000000000000000, 0.0000000000000000000, -0.0000000000000000000 ) ) ;
#278 = DIRECTION ( 'NONE',  ( 0.0000000000000000000, -1.000000000000000000, 0.0000000000000000000 ) ) ;
#279 = PRODUCT_RELATED_PRODUCT_CATEGORY ( 'part', '', ( #1108 ) ) ;
#280 = CARTESIAN_POINT ( 'NONE',  ( 0.0000000000000000000, 0.0000000000000000000, 0.02500000000000000139 ) ) ;
#281 = FILL_AREA_STYLE ('',( #1196 ) ) ;
#282 = VECTOR ( 'NONE', #231, 1000.000000000000000 ) ;
#283 = COLOUR_RGB ( '',0.8000000000000000444, 0.8000000000000000444, 0.8000000000000000444 ) ;
#284 = PRESENTATION_STYLE_ASSIGNMENT (( #541 ) ) ;
#285 = CARTESIAN_POINT ( 'NONE',  ( -2.499999999999999556, 4.999999999999999112, 16.22499999999999432 ) ) ;
#286 = DIRECTION ( 'NONE',  ( -1.000000000000000000, 0.0000000000000000000, 0.0000000000000000000 ) ) ;
#287 = ORIENTED_EDGE ( 'NONE', *, *, #1067, .F. ) ;
#288 = LINE ( 'NONE', #124, #652 ) ;
#289 = CARTESIAN_POINT ( 'NONE',  ( 2.500000000000000000, 0.0000000000000000000, 6.225000000000000533 ) ) ;
#290 = ADVANCED_FACE ( 'NONE', ( #619, #968 ), #424, .F. ) ;
#291 = CARTESIAN_POINT ( 'NONE',  ( 0.8871572875253810331, 0.3828427124746189292, 0.2749999999999999667 ) ) ;
#292 = EDGE_LOOP ( 'NONE', ( #1017, #728, #893, #226 ) ) ;
#293 = CARTESIAN_POINT ( 'NONE',  ( -0.1371140464343385545, 2.451166305462178840, 0.2750000000000000777 ) ) ;
#294 =( GEOMETRIC_REPRESENTATION_CONTEXT ( 3 ) GLOBAL_UNCERTAINTY_ASSIGNED_CONTEXT ( ( #246 ) ) GLOBAL_UNIT_ASSIGNED_CONTEXT ( ( #195, #118, #675 ) ) REPRESENTATION_CONTEXT ( 'NONE', 'WORKASPACE' ) );
#295 = CARTESIAN_POINT ( 'NONE',  ( 0.9700000000000000844, -0.3000000000000000444, 0.07499999999999998335 ) ) ;
#296 = DIRECTION ( 'NONE',  ( -1.000000000000000000, 0.0000000000000000000, 0.0000000000000000000 ) ) ;
#297 = ORIENTED_EDGE ( 'NONE', *, *, #209, .T. ) ;
#298 = DIRECTION ( 'NONE',  ( -1.000000000000000000, 0.0000000000000000000, 0.0000000000000000000 ) ) ;
#299 = EDGE_CURVE ( 'NONE', #219, #1204, #711, .T. ) ;
#300 = AXIS2_PLACEMENT_3D ( 'NONE', #93, #366, #466 ) ;
#301 = CARTESIAN_POINT ( 'NONE',  ( 2.229748251836996431, -1.394247178804132403, 0.1781863542123356681 ) ) ;
#302 = CARTESIAN_POINT ( 'NONE',  ( 2.245124061961927708, 1.398640757743978558, 0.1260518037804621294 ) ) ;
#303 = CARTESIAN_POINT ( 'NONE',  ( 1.121843392805521145, 2.184459670934225439, 0.2749999999999999667 ) ) ;
#304 = CARTESIAN_POINT ( 'NONE',  ( 2.500000000000000000, -1.469693845671000032, 0.02500000000000000139 ) ) ;
#305 =( NAMED_UNIT ( * ) SI_UNIT ( $, .STERADIAN. ) SOLID_ANGLE_UNIT ( ) );
#306 =( LENGTH_UNIT ( ) NAMED_UNIT ( * ) SI_UNIT ( .MILLI., .METRE. ) );
#307 =( NAMED_UNIT ( * ) SI_UNIT ( $, .STERADIAN. ) SOLID_ANGLE_UNIT ( ) );
#308 = CARTESIAN_POINT ( 'NONE',  ( -0.5953230274599339289, 2.381686666715738365, 0.2750000000000000777 ) ) ;
#309 = LINE ( 'NONE', #762, #423 ) ;
#310 = ORIENTED_EDGE ( 'NONE', *, *, #339, .F. ) ;
#311 = SURFACE_STYLE_FILL_AREA ( #115 ) ;
#312 =( NAMED_UNIT ( * ) SI_UNIT ( $, .STERADIAN. ) SOLID_ANGLE_UNIT ( ) );
#313 = DIRECTION ( 'NONE',  ( -1.000000000000000000, 0.0000000000000000000, 0.0000000000000000000 ) ) ;
#314 = LINE ( 'NONE', #663, #263 ) ;
#315 = DIRECTION ( 'NONE',  ( 0.0000000000000000000, 0.0000000000000000000, 1.000000000000000000 ) ) ;
#316 = ORIENTED_EDGE ( 'NONE', *, *, #1060, .F. ) ;
#317 = DIRECTION ( 'NONE',  ( 0.0000000000000000000, 0.0000000000000000000, -1.000000000000000000 ) ) ;
#318 = AXIS2_PLACEMENT_3D ( 'NONE', #1064, #979, #298 ) ;
#319 = COLOUR_RGB ( '',1.000000000000000000, 1.000000000000000000, 0.0000000000000000000 ) ;
#320 = DIRECTION ( 'NONE',  ( -1.000000000000000000, 0.0000000000000000000, 0.0000000000000000000 ) ) ;
#321 = CARTESIAN_POINT ( 'NONE',  ( -1.083810730063455852, -3.274232755115068283, 0.1921572875254365376 ) ) ;
#322 = ADVANCED_FACE ( 'NONE', ( #699 ), #604, .F. ) ;
#323 = CARTESIAN_POINT ( 'NONE',  ( 1.770000000000000018, -0.2999999999999999889, 0.07499999999999999722 ) ) ;
#324 = ORIENTED_EDGE ( 'NONE', *, *, #408, .T. ) ;
#325 = CARTESIAN_POINT ( 'NONE',  ( 2.500000000000000000, 1.469693845671000032, 1.024999999999999911 ) ) ;
#326 = CARTESIAN_POINT ( 'NONE',  ( 0.09876138132504999612, 0.5000000000000000000, 0.2750000000000000222 ) ) ;
#327 = FILL_AREA_STYLE ('',( #1159 ) ) ;
#328 = DIRECTION ( 'NONE',  ( 0.0000000000000000000, 0.0000000000000000000, 1.000000000000000000 ) ) ;
#329 = EDGE_CURVE ( 'NONE', #74, #1096, #1169, .T. ) ;
#330 = ORIENTED_EDGE ( 'NONE', *, *, #452, .F. ) ;
#331 = FILL_AREA_STYLE ('',( #1166 ) ) ;
#332 = CYLINDRICAL_SURFACE ( 'NONE', #534, 2.649999999999999911 ) ;
#333 = CARTESIAN_POINT ( 'NONE',  ( -0.06024861726342694429, 2.986051170665311005, 0.2750000000000698552 ) ) ;
#334 = DIRECTION ( 'NONE',  ( -1.000000000000000000, 0.0000000000000000000, 0.0000000000000000000 ) ) ;
#335 = ORIENTED_EDGE ( 'NONE', *, *, #10, .F. ) ;
#336 = UNCERTAINTY_MEASURE_WITH_UNIT (LENGTH_MEASURE( 1.000000000000000082E-05 ), #1207, 'distance_accuracy_value', 'NONE');
#337 = VECTOR ( 'NONE', #564, 1000.000000000000000 ) ;
#338 = ORIENTED_EDGE ( 'NONE', *, *, #806, .F. ) ;
#339 = EDGE_CURVE ( 'NONE', #526, #906, #229, .T. ) ;
#340 =( GEOMETRIC_REPRESENTATION_CONTEXT ( 3 ) GLOBAL_UNCERTAINTY_ASSIGNED_CONTEXT ( ( #556 ) ) GLOBAL_UNIT_ASSIGNED_CONTEXT ( ( #655, #87, #465 ) ) REPRESENTATION_CONTEXT ( 'NONE', 'WORKASPACE' ) );
#341 = MECHANICAL_DESIGN_GEOMETRIC_PRESENTATION_REPRESENTATION (  '', ( #514 ), #167 ) ;
#342 = DIRECTION ( 'NONE',  ( 0.0000000000000000000, 1.000000000000000000, 0.0000000000000000000 ) ) ;
#343 = AXIS2_PLACEMENT_3D ( 'NONE', #657, #833, #71 ) ;
#344 = CARTESIAN_POINT ( 'NONE',  ( -0.06219285297551354480, 3.082411677973602160, 0.1921572875254363433 ) ) ;
#345 = SURFACE_STYLE_USAGE ( .BOTH. , #707 ) ;
#346 = VERTEX_POINT ( 'NONE', #897 ) ;
#347 = CARTESIAN_POINT ( 'NONE',  ( 0.0000000000000000000, 0.0000000000000000000, 0.02500000000000000139 ) ) ;
#348 = EDGE_LOOP ( 'NONE', ( #1146, #902, #46 ) ) ;
#349 = CARTESIAN_POINT ( 'NONE',  ( -2.223212391231644602, -1.442160415305480337, 0.1921572875254363155 ) ) ;
#350 = FACE_BOUND ( 'NONE', #292, .T. ) ;
#351 = DIRECTION ( 'NONE',  ( 0.0000000000000000000, -1.000000000000000000, -0.0000000000000000000 ) ) ;
#352 = LINE ( 'NONE', #1081, #633 ) ;
#353 = ORIENTED_EDGE ( 'NONE', *, *, #299, .F. ) ;
#354 = FILL_AREA_STYLE ('',( #1182 ) ) ;
#355 = LINE ( 'NONE', #547, #337 ) ;
#356 = CARTESIAN_POINT ( 'NONE',  ( 1.570000000000000062, 0.5000000000000000000, 0.07499999999999999722 ) ) ;
#357 = CARTESIAN_POINT ( 'NONE',  ( -0.7700000000000000178, 0.5000000000000000000, 0.2750000000000000222 ) ) ;
#358 = CIRCLE ( 'NONE', #100, 2.500000000000000000 ) ;
#359 = CARTESIAN_POINT ( 'NONE',  ( -2.499999999999999556, 4.999999999999999112, 6.224999999999999645 ) ) ;
#360 = B_SPLINE_CURVE_WITH_KNOTS ( 'NONE', 3,
 ( #774, #1058, #302, #1116, #387, #680, #1048, #753, #1122, #1037, #210, #954 ),
 .UNSPECIFIED., .F., .F.,
 ( 4, 2, 2, 2, 2, 4 ),
 ( 0.0000000000000000000, 0.2500000000000034417, 0.3750000000000052736, 0.4375000000000063283, 0.5000000000000073275, 1.000000000000000000 ),
 .UNSPECIFIED. ) ;
#361 = AXIS2_PLACEMENT_3D ( 'NONE', #727, #68, #533 ) ;
#362 = ADVANCED_FACE ( 'NONE', ( #516 ), #889, .F. ) ;
#363 = CIRCLE ( 'NONE', #126, 2.899999999999999911 ) ;
#364 = CARTESIAN_POINT ( 'NONE',  ( 1.570000000000000284, -0.2999999999999999889, 0.07499999999999998335 ) ) ;
#365 = ORIENTED_EDGE ( 'NONE', *, *, #258, .F. ) ;
#366 = DIRECTION ( 'NONE',  ( -0.0000000000000000000, -0.0000000000000000000, -1.000000000000000000 ) ) ;
#367 = FACE_OUTER_BOUND ( 'NONE', #385, .T. ) ;
#368 = ORIENTED_EDGE ( 'NONE', *, *, #749, .T. ) ;
#369 = DIRECTION ( 'NONE',  ( 0.0000000000000000000, -1.000000000000000000, 0.0000000000000000000 ) ) ;
#370 = CARTESIAN_POINT ( 'NONE',  ( -2.500000000000000000, -3.061616997868383141E-16, 6.225000000000001421 ) ) ;
#371 = CARTESIAN_POINT ( 'NONE',  ( 1.570000000000000062, 0.0000000000000000000, -2.975000000000000089 ) ) ;
#372 = EDGE_LOOP ( 'NONE', ( #1181, #844, #993, #460 ) ) ;
#373 = EDGE_CURVE ( 'NONE', #1161, #90, #428, .T. ) ;
#374 = EDGE_CURVE ( 'NONE', #984, #449, #143, .T. ) ;
#375 = CYLINDRICAL_SURFACE ( 'NONE', #20, 2.899999999999999911 ) ;
#376 = FACE_OUTER_BOUND ( 'NONE', #169, .T. ) ;
#377 = COLOUR_RGB ( '',0.8000000000000000444, 0.8000000000000000444, 0.8000000000000000444 ) ;
#378 = STYLED_ITEM ( 'NONE', ( #510 ), #434 ) ;
#379 = AXIS2_PLACEMENT_3D ( 'NONE', #1133, #508, #32 ) ;
#380 = ORIENTED_EDGE ( 'NONE', *, *, #244, .F. ) ;
#381 = MECHANICAL_DESIGN_GEOMETRIC_PRESENTATION_REPRESENTATION (  '', ( #150 ), #458 ) ;
#382 = CARTESIAN_POINT ( 'NONE',  ( 2.175360730576417545, -1.378552750811018912, 0.2309133347036112227 ) ) ;
#383 = FACE_OUTER_BOUND ( 'NONE', #758, .T. ) ;
#384 = CARTESIAN_POINT ( 'NONE',  ( 0.7700000000000000178, 0.5000000000000000000, 0.2750000000000000222 ) ) ;
#385 = EDGE_LOOP ( 'NONE', ( #647, #406, #708, #851 ) ) ;
#386 = CARTESIAN_POINT ( 'NONE',  ( 2.186438797846859572, -1.381720901075263797, 0.2213921971829388435 ) ) ;
#387 = CARTESIAN_POINT ( 'NONE',  ( 2.224148666516095219, 1.392628798549231606, 0.1742188053484254318 ) ) ;
#388 = CARTESIAN_POINT ( 'NONE',  ( 2.049999999951999996, 1.341640786573000232, 0.2750000000000000222 ) ) ;
#389 = CARTESIAN_POINT ( 'NONE',  ( 1.570000000000000062, 0.2999999999999999889, 0.2750000000000000222 ) ) ;
#390 = CARTESIAN_POINT ( 'NONE',  ( 0.7787253688362043569, -2.332427110915202384, 0.2750000000000000222 ) ) ;
#391 = VERTEX_POINT ( 'NONE', #1046 ) ;
#392 = CARTESIAN_POINT ( 'NONE',  ( 0.7700000000000000178, 0.5000000000000000000, 0.2750000000000000222 ) ) ;
#393 = DIRECTION ( 'NONE',  ( 0.0000000000000000000, 0.0000000000000000000, -1.000000000000000000 ) ) ;
#394 = DIRECTION ( 'NONE',  ( 0.0000000000000000000, 0.0000000000000000000, 1.000000000000000000 ) ) ;
#395 = SURFACE_SIDE_STYLE ('',( #1050 ) ) ;
#396 = DIRECTION ( 'NONE',  ( 0.0000000000000000000, 0.0000000000000000000, -1.000000000000000000 ) ) ;
#397 = EDGE_CURVE ( 'NONE', #654, #561, #437, .T. ) ;
#398 = AXIS2_PLACEMENT_3D ( 'NONE', #830, #278, #646 ) ;
#399 = ORIENTED_EDGE ( 'NONE', *, *, #258, .T. ) ;
#400 = CARTESIAN_POINT ( 'NONE',  ( -1.570000000000000284, 0.2999999999999999889, 0.07499999999999998335 ) ) ;
#401 = AXIS2_PLACEMENT_3D ( 'NONE', #847, #754, #1123 ) ;
#402 = EDGE_CURVE ( 'NONE', #702, #429, #779, .T. ) ;
#403 = DIRECTION ( 'NONE',  ( -1.000000000000000000, 0.0000000000000000000, 0.0000000000000000000 ) ) ;
#404 = DIRECTION ( 'NONE',  ( 0.0000000000000000000, -1.000000000000000000, -0.0000000000000000000 ) ) ;
#405 = CARTESIAN_POINT ( 'NONE',  ( 0.05660227183067739753, -2.449901866363780822, 0.2750000000000000222 ) ) ;
#406 = ORIENTED_EDGE ( 'NONE', *, *, #873, .T. ) ;
#407 = CARTESIAN_POINT ( 'NONE',  ( -1.652842712474619224, 0.3828427124746189292, 0.2749999999999999667 ) ) ;
#408 = EDGE_CURVE ( 'NONE', #836, #714, #577, .T. ) ;
#409 = SURFACE_STYLE_FILL_AREA ( #1121 ) ;
#410 = CARTESIAN_POINT ( 'NONE',  ( 1.264077536626142972, 2.105350082219199503, 0.2750000000000000222 ) ) ;
#411 = CARTESIAN_POINT ( 'NONE',  ( -0.9699999999999999734, 0.2999999999999999889, 0.2750000000000000222 ) ) ;
#412 = ORIENTED_EDGE ( 'NONE', *, *, #1067, .T. ) ;
#413 = CARTESIAN_POINT ( 'NONE',  ( 1.770000000000000018, -0.5000000000000000000, 0.2750000000000000222 ) ) ;
#414 = EDGE_CURVE ( 'NONE', #85, #1161, #1175, .T. ) ;
#415 = CARTESIAN_POINT ( 'NONE',  ( 2.049999999951999996, 1.400000000076000006, 0.07499999999999999722 ) ) ;
#416 = CARTESIAN_POINT ( 'NONE',  ( -0.9699999999999999734, -0.2999999999999999889, 0.2750000000000000222 ) ) ;
#417 = CARTESIAN_POINT ( 'NONE',  ( 2.249999999952000174, -1.400000000076571327, 0.02500000000000000139 ) ) ;
#418 = VERTEX_POINT ( 'NONE', #34 ) ;
#419 =( NAMED_UNIT ( * ) PLANE_ANGLE_UNIT ( ) SI_UNIT ( $, .RADIAN. ) );
#420 = VECTOR ( 'NONE', #37, 1000.000000000000000 ) ;
#421 = DIRECTION ( 'NONE',  ( 1.000000000000000000, 0.0000000000000000000, 0.0000000000000000000 ) ) ;
#422 = STYLED_ITEM ( 'NONE', ( #560 ), #643 ) ;
#423 = VECTOR ( 'NONE', #137, 1000.000000000000000 ) ;
#424 = PLANE ( 'NONE',  #145 ) ;
#425 = ADVANCED_FACE ( 'NONE', ( #122 ), #692, .F. ) ;
#426 = AXIS2_PLACEMENT_3D ( 'NONE', #1076, #896, #421 ) ;
#427 = ORIENTED_EDGE ( 'NONE', *, *, #1034, .T. ) ;
#428 = LINE ( 'NONE', #866, #909 ) ;
#429 = VERTEX_POINT ( 'NONE', #132 ) ;
#430 = CARTESIAN_POINT ( 'NONE',  ( 0.1140520125699999998, 0.0000000000000000000, 0.02500000000000000139 ) ) ;
#431 = EDGE_CURVE ( 'NONE', #1194, #131, #838, .T. ) ;
#432 = CARTESIAN_POINT ( 'NONE',  ( -1.570000000000000062, -0.2999999999999999889, 0.07499999999999998335 ) ) ;
#433 = DIRECTION ( 'NONE',  ( -1.000000000000000000, 0.0000000000000000000, -0.0000000000000000000 ) ) ;
#434 = ADVANCED_FACE ( 'NONE', ( #772 ), #857, .T. ) ;
#435 = ORIENTED_EDGE ( 'NONE', *, *, #525, .F. ) ;
#436 = ORIENTED_EDGE ( 'NONE', *, *, #1013, .F. ) ;
#437 =( BOUNDED_CURVE ( )  B_SPLINE_CURVE ( 3, ( #872, #698, #791, #413 ),
 .UNSPECIFIED., .F., .T. ) 
 B_SPLINE_CURVE_WITH_KNOTS ( ( 4, 4 ),
 ( 3.141592653589793116, 4.712388980384689674 ),
 .UNSPECIFIED. ) 
 CURVE ( )  GEOMETRIC_REPRESENTATION_ITEM ( )  RATIONAL_B_SPLINE_CURVE ( ( 1.000000000000000000, 0.8047378541243649375, 0.8047378541243649375, 1.000000000000000000 ) ) 
 REPRESENTATION_ITEM ( '' )  );
#438 = LINE ( 'NONE', #701, #1098 ) ;
#439 = EDGE_LOOP ( 'NONE', ( #213, #900, #1201, #482 ) ) ;
#440 = DIRECTION ( 'NONE',  ( 0.0000000000000000000, 0.0000000000000000000, 1.000000000000000000 ) ) ;
#441 = AXIS2_PLACEMENT_3D ( 'NONE', #603, #139, #317 ) ;
#442 = CARTESIAN_POINT ( 'NONE',  ( 2.249999999952315033, 1.400000000075951601, 0.07499999999999998335 ) ) ;
#443 = CARTESIAN_POINT ( 'NONE',  ( -2.179661847853382461, -1.356234038765700589, 0.2750000000000700773 ) ) ;
#444 = LINE ( 'NONE', #166, #41 ) ;
#445 = LINE ( 'NONE', #1179, #628 ) ;
#446 = ORIENTED_EDGE ( 'NONE', *, *, #846, .F. ) ;
#447 = ORIENTED_EDGE ( 'NONE', *, *, #846, .T. ) ;
#448 = FACE_OUTER_BOUND ( 'NONE', #33, .T. ) ;
#449 = VERTEX_POINT ( 'NONE', #622 ) ;
#450 = DIRECTION ( 'NONE',  ( 0.0000000000000000000, -0.0000000000000000000, -1.000000000000000000 ) ) ;
#451 = DIRECTION ( 'NONE',  ( -0.0000000000000000000, -1.000000000000000000, 0.0000000000000000000 ) ) ;
#452 = EDGE_CURVE ( 'NONE', #1204, #1001, #352, .T. ) ;
#453 = ORIENTED_EDGE ( 'NONE', *, *, #244, .T. ) ;
#454 = VECTOR ( 'NONE', #156, 1000.000000000000000 ) ;
#455 = ADVANCED_FACE ( 'NONE', ( #241 ), #250, .T. ) ;
#456 = CARTESIAN_POINT ( 'NONE',  ( -2.391840593744860133, -0.5535009242027457699, 0.2749999999999999667 ) ) ;
#457 = CIRCLE ( 'NONE', #343, 0.2000000000000000944 ) ;
#458 =( GEOMETRIC_REPRESENTATION_CONTEXT ( 3 ) GLOBAL_UNCERTAINTY_ASSIGNED_CONTEXT ( ( #483 ) ) GLOBAL_UNIT_ASSIGNED_CONTEXT ( ( #306, #208, #312 ) ) REPRESENTATION_CONTEXT ( 'NONE', 'WORKASPACE' ) );
#459 = CARTESIAN_POINT ( 'NONE',  ( 2.249999999952205343, -1.400000000076127904, 0.07499999999999998335 ) ) ;
#460 = ORIENTED_EDGE ( 'NONE', *, *, #763, .T. ) ;
#461 = CARTESIAN_POINT ( 'NONE',  ( -2.000000000000000143E-17, 0.0000000000000000000, -2.975000000000000089 ) ) ;
#462 = CARTESIAN_POINT ( 'NONE',  ( -0.7700000000000000178, -0.5000000000000000000, 0.2750000000000000222 ) ) ;
#463 = ORIENTED_EDGE ( 'NONE', *, *, #3, .T. ) ;
#464 = PRESENTATION_STYLE_ASSIGNMENT (( #562 ) ) ;
#465 =( NAMED_UNIT ( * ) SI_UNIT ( $, .STERADIAN. ) SOLID_ANGLE_UNIT ( ) );
#466 = DIRECTION ( 'NONE',  ( -1.000000000000000000, 0.0000000000000000000, 0.0000000000000000000 ) ) ;
#467 = CARTESIAN_POINT ( 'NONE',  ( 1.770000000000000018, 0.5000000000000000000, 0.2750000000000000222 ) ) ;
#468 = ORIENTED_EDGE ( 'NONE', *, *, #990, .T. ) ;
#469 = ADVANCED_FACE ( 'NONE', ( #152, #1000 ), #709, .T. ) ;
#470 = CARTESIAN_POINT ( 'NONE',  ( -2.238413922118640542, -1.009786234306097930, 0.2749999999999999667 ) ) ;
#471 = CARTESIAN_POINT ( 'NONE',  ( 2.049999999951999108, -1.341640786573000899, 0.2750000000000000222 ) ) ;
#472 =( LENGTH_UNIT ( ) NAMED_UNIT ( * ) SI_UNIT ( .MILLI., .METRE. ) );
#473 = VECTOR ( 'NONE', #757, 1000.000000000000000 ) ;
#474 = ORIENTED_EDGE ( 'NONE', *, *, #656, .F. ) ;
#475 =( NAMED_UNIT ( * ) PLANE_ANGLE_UNIT ( ) SI_UNIT ( $, .RADIAN. ) );
#476 = CIRCLE ( 'NONE', #1026, 2.500000000000000000 ) ;
#477 = PRODUCT_DEFINITION ( 'UNKNOWN', '', #764, #157 ) ;
#478 = CARTESIAN_POINT ( 'NONE',  ( 2.145942411033226360, -1.370107715524016667, 0.2509252604957161736 ) ) ;
#479 = SURFACE_SIDE_STYLE ('',( #859 ) ) ;
#480 = DIRECTION ( 'NONE',  ( -1.000000000000000000, 0.0000000000000000000, 0.0000000000000000000 ) ) ;
#481 = SURFACE_STYLE_USAGE ( .BOTH. , #395 ) ;
#482 = ORIENTED_EDGE ( 'NONE', *, *, #795, .F. ) ;
#483 = UNCERTAINTY_MEASURE_WITH_UNIT (LENGTH_MEASURE( 1.000000000000000082E-05 ), #306, 'distance_accuracy_value', 'NONE');
#484 = CARTESIAN_POINT ( 'NONE',  ( 0.9699999999999999734, -0.2999999999999999889, -2.975000000000000089 ) ) ;
#485 = ADVANCED_FACE ( 'NONE', ( #1180 ), #170, .T. ) ;
#486 = CARTESIAN_POINT ( 'NONE',  ( -2.649999999999999911, 0.0000000000000000000, 0.07499999999999999722 ) ) ;
#487 = CARTESIAN_POINT ( 'NONE',  ( 2.249999999952000174, 1.400000000076000006, 0.02500000000000000139 ) ) ;
#488 = EDGE_LOOP ( 'NONE', ( #175, #910, #765, #1165 ) ) ;
#489 = CARTESIAN_POINT ( 'NONE',  ( -1.569999999999999840, 0.3000000000000000444, 0.1921572875253809431 ) ) ;
#490 = DIRECTION ( 'NONE',  ( 1.000000000000000000, -0.0000000000000000000, 0.0000000000000000000 ) ) ;
#491 = CARTESIAN_POINT ( 'NONE',  ( 2.249999999952000174, -1.400000000076000006, 0.02500000000000000139 ) ) ;
#492 = LINE ( 'NONE', #389, #585 ) ;
#493 = CARTESIAN_POINT ( 'NONE',  ( 0.006253088733804769081, -2.450513916233917122, 0.2750000000000000777 ) ) ;
#494 = VECTOR ( 'NONE', #1162, 1000.000000000000000 ) ;
#495 = EDGE_LOOP ( 'NONE', ( #1084, #1176, #1120, #453 ) ) ;
#496 = DIRECTION ( 'NONE',  ( 0.0000000000000000000, -0.0000000000000000000, -1.000000000000000000 ) ) ;
#497 = VECTOR ( 'NONE', #817, 1000.000000000000000 ) ;
#498 = SURFACE_STYLE_USAGE ( .BOTH. , #479 ) ;
#499 = CARTESIAN_POINT ( 'NONE',  ( -1.806109757282736261, 1.663794011032473597, 0.2750000000000000222 ) ) ;
#500 = FILL_AREA_STYLE ('',( #204 ) ) ;
#501 = DIRECTION ( 'NONE',  ( 0.0000000000000000000, 1.000000000000000000, 0.0000000000000000000 ) ) ;
#502 = EDGE_LOOP ( 'NONE', ( #338, #1011, #1008, #427, #155 ) ) ;
#503 = CARTESIAN_POINT ( 'NONE',  ( -2.000000000000000143E-17, 0.0000000000000000000, -2.975000000000000089 ) ) ;
#504 = EDGE_CURVE ( 'NONE', #561, #219, #1187, .T. ) ;
#505 = DIRECTION ( 'NONE',  ( 1.000000000000000000, 0.0000000000000000000, -0.0000000000000000000 ) ) ;
#506 = CARTESIAN_POINT ( 'NONE',  ( 0.09724728216967551409, 2.449303411363761285, 0.2749999999999999667 ) ) ;
#507 = CARTESIAN_POINT ( 'NONE',  ( 1.358081127029490576, 2.506022705221864655, 0.2750000000000000222 ) ) ;
#508 = DIRECTION ( 'NONE',  ( 1.000000000000000000, 0.0000000000000000000, 0.0000000000000000000 ) ) ;
#509 = ORIENTED_EDGE ( 'NONE', *, *, #974, .T. ) ;
#510 = PRESENTATION_STYLE_ASSIGNMENT (( #879 ) ) ;
#511 = FACE_OUTER_BOUND ( 'NONE', #502, .T. ) ;
#512 = CARTESIAN_POINT ( 'NONE',  ( -2.984385002301120249, -0.1165231640231690624, 0.2750000000000698552 ) ) ;
#513 = DIRECTION ( 'NONE',  ( -1.000000000000000000, 0.0000000000000000000, 0.0000000000000000000 ) ) ;
#514 = STYLED_ITEM ( 'NONE', ( #522 ), #362 ) ;
#515 = MECHANICAL_DESIGN_GEOMETRIC_PRESENTATION_REPRESENTATION (  '', ( #103 ), #822 ) ;
#516 = FACE_OUTER_BOUND ( 'NONE', #1097, .T. ) ;
#517 = ADVANCED_BREP_SHAPE_REPRESENTATION ( '20C52D8C-E00A-4C90-81A1-5D30CE3CA97B', ( #867, #426 ), #1208 ) ;
#518 = AXIS2_PLACEMENT_3D ( 'NONE', #827, #1, #678 ) ;
#519 = ADVANCED_FACE ( 'NONE', ( #627 ), #527, .T. ) ;
#520 = VERTEX_POINT ( 'NONE', #1006 ) ;
#521 = CARTESIAN_POINT ( 'NONE',  ( 1.770000000000000018, -0.5000000000000000000, 0.2750000000000000222 ) ) ;
#522 = PRESENTATION_STYLE_ASSIGNMENT (( #989 ) ) ;
#523 = CARTESIAN_POINT ( 'NONE',  ( -1.770000000000000018, -2.699999999999999993E-16, 0.2750000000000000222 ) ) ;
#524 = FACE_OUTER_BOUND ( 'NONE', #831, .T. ) ;
#525 = EDGE_CURVE ( 'NONE', #27, #984, #1090, .T. ) ;
#526 = VERTEX_POINT ( 'NONE', #1074 ) ;
#527 = PLANE ( 'NONE',  #962 ) ;
#528 = EDGE_LOOP ( 'NONE', ( #986, #803, #934 ) ) ;
#529 = CARTESIAN_POINT ( 'NONE',  ( 0.0000000000000000000, 0.0000000000000000000, 0.02500000000000000139 ) ) ;
#530 = CARTESIAN_POINT ( 'NONE',  ( -2.000000000000000143E-17, -0.2999999999999999889, -2.975000000000000089 ) ) ;
#531 = ADVANCED_FACE ( 'NONE', ( #448 ), #54, .F. ) ;
#532 = ORIENTED_EDGE ( 'NONE', *, *, #873, .F. ) ;
#533 = DIRECTION ( 'NONE',  ( 1.000000000000000000, 0.0000000000000000000, -0.0000000000000000000 ) ) ;
#534 = AXIS2_PLACEMENT_3D ( 'NONE', #1163, #230, #881 ) ;
#535 = PRESENTATION_LAYER_ASSIGNMENT (  '', '', ( #378 ) ) ;
#536 = AXIS2_PLACEMENT_3D ( 'NONE', #259, #59, #266 ) ;
#537 = CARTESIAN_POINT ( 'NONE',  ( 1.088453464293850148, -3.158863042226911499, 0.2750000000000700773 ) ) ;
#538 = COLOUR_RGB ( '',1.000000000000000000, 1.000000000000000000, 0.0000000000000000000 ) ;
#539 = EDGE_LOOP ( 'NONE', ( #978, #365, #1005, #463 ) ) ;
#540 = CARTESIAN_POINT ( 'NONE',  ( 2.500000000000000000, 1.469693845671000032, 0.02500000000000000139 ) ) ;
#541 = SURFACE_STYLE_USAGE ( .BOTH. , #77 ) ;
#542 = LINE ( 'NONE', #1020, #710 ) ;
#543 = CARTESIAN_POINT ( 'NONE',  ( 0.9699999999999999734, 0.2999999999999999889, 0.2750000000000000222 ) ) ;
#544 = ORIENTED_EDGE ( 'NONE', *, *, #79, .F. ) ;
#545 = EDGE_CURVE ( 'NONE', #429, #778, #1088, .T. ) ;
#546 = CARTESIAN_POINT ( 'NONE',  ( -2.442417209540934664, -0.2487137801393348169, 0.2750000000000000222 ) ) ;
#547 = CARTESIAN_POINT ( 'NONE',  ( -1.570000000000000062, 0.2999999999999999889, -2.975000000000000089 ) ) ;
#548 = CARTESIAN_POINT ( 'NONE',  ( 2.500000000000000000, 0.0000000000000000000, 0.02500000000000000139 ) ) ;
#549 = ORIENTED_EDGE ( 'NONE', *, *, #1190, .F. ) ;
#550 = CARTESIAN_POINT ( 'NONE',  ( -0.8871572875253810331, 0.3828427124746189292, 0.2749999999999999667 ) ) ;
#551 = PRESENTATION_LAYER_ASSIGNMENT (  '', '', ( #422 ) ) ;
#552 = CARTESIAN_POINT ( 'NONE',  ( 0.9700000000000000844, -0.3000000000000000444, 0.07499999999999998335 ) ) ;
#553 = EDGE_CURVE ( 'NONE', #1204, #151, #632, .T. ) ;
#554 = VECTOR ( 'NONE', #394, 1000.000000000000000 ) ;
#555 = ORIENTED_EDGE ( 'NONE', *, *, #664, .F. ) ;
#556 = UNCERTAINTY_MEASURE_WITH_UNIT (LENGTH_MEASURE( 1.000000000000000082E-05 ), #655, 'distance_accuracy_value', 'NONE');
#557 = DIRECTION ( 'NONE',  ( -1.000000000000000000, 0.0000000000000000000, 0.0000000000000000000 ) ) ;
#558 = PRESENTATION_STYLE_ASSIGNMENT (( #1027 ) ) ;
#559 = LINE ( 'NONE', #931, #729 ) ;
#560 = PRESENTATION_STYLE_ASSIGNMENT (( #1030 ) ) ;
#561 = VERTEX_POINT ( 'NONE', #521 ) ;
#562 = SURFACE_STYLE_USAGE ( .BOTH. , #86 ) ;
#563 = CARTESIAN_POINT ( 'NONE',  ( -2.500000000000000000, 3.061616997868383141E-16, 6.225000000000001421 ) ) ;
#564 = DIRECTION ( 'NONE',  ( -0.0000000000000000000, -1.000000000000000000, 0.0000000000000000000 ) ) ;
#565 = CARTESIAN_POINT ( 'NONE',  ( 1.514277920188930038, -1.926649004608679272, 0.2749999999999999667 ) ) ;
#566 = ORIENTED_EDGE ( 'NONE', *, *, #373, .F. ) ;
#567 = CARTESIAN_POINT ( 'NONE',  ( 1.649829194097028884, 1.813012935451274732, 0.2749999999999999667 ) ) ;
#568 = DIRECTION ( 'NONE',  ( -1.000000000000000000, 0.0000000000000000000, -0.0000000000000000000 ) ) ;
#569 = DIRECTION ( 'NONE',  ( 0.0000000000000000000, -1.000000000000000000, -0.0000000000000000000 ) ) ;
#570 = AXIS2_PLACEMENT_3D ( 'NONE', #323, #501, #676 ) ;
#571 = ORIENTED_EDGE ( 'NONE', *, *, #70, .T. ) ;
#572 = APPLICATION_PROTOCOL_DEFINITION ( 'draft international standard', 'automotive_design', 1998, #8 ) ;
#573 = FACE_OUTER_BOUND ( 'NONE', #642, .T. ) ;
#574 = FACE_OUTER_BOUND ( 'NONE', #721, .T. ) ;
#575 = CARTESIAN_POINT ( 'NONE',  ( 0.1621464609281746128, -2.445223122718179543, 0.2750000000000000222 ) ) ;
#576 = ORIENTED_EDGE ( 'NONE', *, *, #1160, .F. ) ;
#577 = LINE ( 'NONE', #1069, #761 ) ;
#578 = CARTESIAN_POINT ( 'NONE',  ( 2.156627880577730583, -1.373188243982874424, 0.2445654668884094662 ) ) ;
#579 = ADVANCED_FACE ( 'NONE', ( #835 ), #1035, .F. ) ;
#580 = DIRECTION ( 'NONE',  ( 0.0000000000000000000, 0.0000000000000000000, -1.000000000000000000 ) ) ;
#581 = CARTESIAN_POINT ( 'NONE',  ( 0.9699999999999998623, -0.3000000000000000444, 0.1921572875253809154 ) ) ;
#582 = CARTESIAN_POINT ( 'NONE',  ( 0.09876138132504999612, -0.5000000000000000000, 0.2750000000000000222 ) ) ;
#583 = ORIENTED_EDGE ( 'NONE', *, *, #79, .T. ) ;
#584 = CARTESIAN_POINT ( 'NONE',  ( 1.819365887258311387, 1.654021976152839191, 0.2750000000000000777 ) ) ;
#585 = VECTOR ( 'NONE', #963, 1000.000000000000000 ) ;
#586 = CARTESIAN_POINT ( 'NONE',  ( -1.272208129883160899, -2.096214798221958109, 0.2750000000000000777 ) ) ;
#587 = AXIS2_PLACEMENT_3D ( 'NONE', #461, #1032, #639 ) ;
#588 = VECTOR ( 'NONE', #89, 1000.000000000000000 ) ;
#589 = EDGE_LOOP ( 'NONE', ( #811, #751 ) ) ;
#590 = DIRECTION ( 'NONE',  ( 0.0000000000000000000, 0.0000000000000000000, 1.000000000000000000 ) ) ;
#591 = CIRCLE ( 'NONE', #888, 2.899999999999999911 ) ;
#592 =( NAMED_UNIT ( * ) PLANE_ANGLE_UNIT ( ) SI_UNIT ( $, .RADIAN. ) );
#593 = CARTESIAN_POINT ( 'NONE',  ( -1.035580380433517744, 2.226011305308437827, 0.2750000000000000777 ) ) ;
#594 = CARTESIAN_POINT ( 'NONE',  ( 2.104217738169217089, 1.254897489986110726, 0.2750000000000000222 ) ) ;
#595 = CARTESIAN_POINT ( 'NONE',  ( 1.570000000000000062, 0.2999999999999999889, -2.975000000000000089 ) ) ;
#596 = ORIENTED_EDGE ( 'NONE', *, *, #397, .T. ) ;
#597 = SURFACE_SIDE_STYLE ('',( #311 ) ) ;
#598 = LINE ( 'NONE', #1177, #245 ) ;
#599 = CARTESIAN_POINT ( 'NONE',  ( 2.249999999952000174, 1.400000000076571327, 0.02500000000000000139 ) ) ;
#600 = CARTESIAN_POINT ( 'NONE',  ( 1.123578089427937687, -3.260800225439540512, 0.07499999999999996947 ) ) ;
#601 = CARTESIAN_POINT ( 'NONE',  ( -0.8261087226722481081, -2.315114069051842360, 0.2749999999999999667 ) ) ;
#602 = ORIENTED_EDGE ( 'NONE', *, *, #545, .F. ) ;
#603 = CARTESIAN_POINT ( 'NONE',  ( -1.770000000000000018, 0.2999999999999999889, 0.07499999999999999722 ) ) ;
#604 = CYLINDRICAL_SURFACE ( 'NONE', #648, 0.1999999999999999833 ) ;
#605 = CARTESIAN_POINT ( 'NONE',  ( 1.570000000000000062, -0.2999999999999999889, -2.975000000000000089 ) ) ;
#606 = PLANE ( 'NONE',  #908 ) ;
#607 = ORIENTED_EDGE ( 'NONE', *, *, #65, .T. ) ;
#608 = DIRECTION ( 'NONE',  ( -1.000000000000000000, 0.0000000000000000000, 0.0000000000000000000 ) ) ;
#609 = AXIS2_PLACEMENT_3D ( 'NONE', #347, #616, #994 ) ;
#610 = ORIENTED_EDGE ( 'NONE', *, *, #6, .F. ) ;
#611 = CIRCLE ( 'NONE', #926, 2.649999999999999911 ) ;
#612 = SURFACE_STYLE_FILL_AREA ( #1077 ) ;
#613 = DIRECTION ( 'NONE',  ( 0.0000000000000000000, 0.0000000000000000000, 1.000000000000000000 ) ) ;
#614 = CARTESIAN_POINT ( 'NONE',  ( 2.275990614754570096, 1.357338101413614551, 0.1921572875254363155 ) ) ;
#615 = ORIENTED_EDGE ( 'NONE', *, *, #703, .T. ) ;
#616 = DIRECTION ( 'NONE',  ( -0.0000000000000000000, -0.0000000000000000000, -1.000000000000000000 ) ) ;
#617 = ORIENTED_EDGE ( 'NONE', *, *, #755, .F. ) ;
#618 = B_SPLINE_CURVE_WITH_KNOTS ( 'NONE', 3,
 ( #921, #737, #470, #748, #456, #546, #78, #825, #733, #1101, #276, #88, #223, #775, #211, #30, #499, #117, #868, #860, #203, #662, #769, #593, #25, #308, #1143, #293, #506, #781, #1053, #216, #1038, #674, #303, #410, #1151, #668, #567, #584, #961, #388 ),
 .UNSPECIFIED., .F., .F.,
 ( 4, 2, 2, 2, 1, 2, 2, 1, 2, 2, 1, 2, 2, 2, 2, 2, 2, 2, 2, 2, 2, 1, 4 ),
 ( 0.3909203408429964832, 0.4289878195403094008, 0.4670552982376222628, 0.5051227769349351249, 0.5431902556322480979, 0.5622239949809044735, 0.5717408646552326612, 0.5812577343295609600, 0.6193252130268739331, 0.6573926917241869061, 0.6764264310728433927, 0.6859433007471715804, 0.6954601704214997682, 0.7335276491188122971, 0.7715951278161249371, 0.8096626065134375771, 0.8286963458620937306, 0.8477300852107499951, 0.8857975639080624131, 0.9238650426053749420, 0.9428987819540313176, 0.9619325213026874710, 1.000000000000000000 ),
 .UNSPECIFIED. ) ;
#619 = FACE_BOUND ( 'NONE', #348, .T. ) ;
#620 = CARTESIAN_POINT ( 'NONE',  ( -2.737803126662787356, 1.417590823582297821, 0.1921572875254363433 ) ) ;
#621 = ORIENTED_EDGE ( 'NONE', *, *, #890, .T. ) ;
#622 = CARTESIAN_POINT ( 'NONE',  ( 2.500000000000000000, -1.469693845670453136, 1.024999999999999911 ) ) ;
#623 = EDGE_LOOP ( 'NONE', ( #566, #723, #544, #191 ) ) ;
#624 = CARTESIAN_POINT ( 'NONE',  ( -2.153711657308264638, -1.397076460351698746, 0.2750000000000698552 ) ) ;
#625 = EDGE_CURVE ( 'NONE', #53, #27, #1016, .T. ) ;
#626 = ORIENTED_EDGE ( 'NONE', *, *, #718, .F. ) ;
#627 = FACE_OUTER_BOUND ( 'NONE', #697, .T. ) ;
#628 = VECTOR ( 'NONE', #351, 1000.000000000000000 ) ;
#629 = UNCERTAINTY_MEASURE_WITH_UNIT (LENGTH_MEASURE( 1.000000000000000082E-05 ), #927, 'distance_accuracy_value', 'NONE');
#630 = VECTOR ( 'NONE', #1124, 1000.000000000000000 ) ;
#631 = PRESENTATION_LAYER_ASSIGNMENT (  '', '', ( #198 ) ) ;
#632 =( BOUNDED_CURVE ( )  B_SPLINE_CURVE ( 3, ( #384, #291, #750, #1192 ),
 .UNSPECIFIED., .F., .F. ) 
 B_SPLINE_CURVE_WITH_KNOTS ( ( 4, 4 ),
 ( 4.712388980384689674, 6.283185307179586232 ),
 .UNSPECIFIED. ) 
 CURVE ( )  GEOMETRIC_REPRESENTATION_ITEM ( )  RATIONAL_B_SPLINE_CURVE ( ( 1.000000000000000000, 0.8047378541243649375, 0.8047378541243649375, 1.000000000000000000 ) ) 
 REPRESENTATION_ITEM ( '' )  );
#633 = VECTOR ( 'NONE', #261, 1000.000000000000000 ) ;
#634 = CARTESIAN_POINT ( 'NONE',  ( -0.9699999999999999734, 0.3000000000000000444, 0.07499999999999998335 ) ) ;
#635 = FILL_AREA_STYLE ('',( #828 ) ) ;
#636 = FACE_OUTER_BOUND ( 'NONE', #69, .T. ) ;
#637 = DIRECTION ( 'NONE',  ( -1.000000000000000000, 0.0000000000000000000, 0.0000000000000000000 ) ) ;
#638 = ORIENTED_EDGE ( 'NONE', *, *, #545, .T. ) ;
#639 = DIRECTION ( 'NONE',  ( 1.000000000000000000, 0.0000000000000000000, -0.0000000000000000000 ) ) ;
#640 = CARTESIAN_POINT ( 'NONE',  ( -2.500000000000000000, 3.061616997868383141E-16, 6.224999999999999645 ) ) ;
#641 = DIRECTION ( 'NONE',  ( 0.0000000000000000000, 0.0000000000000000000, 1.000000000000000000 ) ) ;
#642 = EDGE_LOOP ( 'NONE', ( #249, #731, #262, #310 ) ) ;
#643 = ADVANCED_FACE ( 'NONE', ( #367 ), #1021, .T. ) ;
#644 = DIRECTION ( 'NONE',  ( -0.0000000000000000000, -0.0000000000000000000, -1.000000000000000000 ) ) ;
#645 = CARTESIAN_POINT ( 'NONE',  ( -2.500000000000000000, 0.0000000000000000000, 1.024999999999999911 ) ) ;
#646 = DIRECTION ( 'NONE',  ( 0.0000000000000000000, 0.0000000000000000000, -1.000000000000000000 ) ) ;
#647 = ORIENTED_EDGE ( 'NONE', *, *, #402, .T. ) ;
#648 = AXIS2_PLACEMENT_3D ( 'NONE', #158, #1086, #1070 ) ;
#649 = COLOUR_RGB ( '',0.8000000000000000444, 0.8000000000000000444, 0.8000000000000000444 ) ;
#650 = CARTESIAN_POINT ( 'NONE',  ( 2.500000000000000000, 3.061616997868383141E-16, 1.024999999999999911 ) ) ;
#651 = VECTOR ( 'NONE', #944, 1000.000000000000000 ) ;
#652 = VECTOR ( 'NONE', #948, 1000.000000000000000 ) ;
#653 = CARTESIAN_POINT ( 'NONE',  ( 2.049999999951999108, -1.341640786573000899, 0.2750000000000000222 ) ) ;
#654 = VERTEX_POINT ( 'NONE', #364 ) ;
#655 =( LENGTH_UNIT ( ) NAMED_UNIT ( * ) SI_UNIT ( .MILLI., .METRE. ) );
#656 = EDGE_CURVE ( 'NONE', #1100, #771, #1200, .T. ) ;
#657 = CARTESIAN_POINT ( 'NONE',  ( -2.080188679201886437, -1.294339622711254467, 0.07499999999999999722 ) ) ;
#658 = SURFACE_STYLE_FILL_AREA ( #281 ) ;
#659 = VERTEX_POINT ( 'NONE', #459 ) ;
#660 = CARTESIAN_POINT ( 'NONE',  ( 2.049999999951999108, -1.341640786573000899, 0.2750000000000000222 ) ) ;
#661 =( NAMED_UNIT ( * ) SI_UNIT ( $, .STERADIAN. ) SOLID_ANGLE_UNIT ( ) );
#662 = CARTESIAN_POINT ( 'NONE',  ( -1.337833268932105302, 2.052880958107055509, 0.2750000000000000222 ) ) ;
#663 = CARTESIAN_POINT ( 'NONE',  ( 0.09876138132504999612, 0.5000000000000000000, 0.2750000000000000222 ) ) ;
#664 = EDGE_CURVE ( 'NONE', #654, #972, #1039, .T. ) ;
#665 = ORIENTED_EDGE ( 'NONE', *, *, #1197, .T. ) ;
#666 = PRESENTATION_LAYER_ASSIGNMENT (  '', '', ( #57 ) ) ;
#667 = MECHANICAL_DESIGN_GEOMETRIC_PRESENTATION_REPRESENTATION (  '', ( #264 ), #340 ) ;
#668 = CARTESIAN_POINT ( 'NONE',  ( 1.531338727507917774, 1.914017828588922887, 0.2750000000000001332 ) ) ;
#669 = MECHANICAL_DESIGN_GEOMETRIC_PRESENTATION_REPRESENTATION (  '', ( #378 ), #247 ) ;
#670 = CARTESIAN_POINT ( 'NONE',  ( -0.9699999999999999734, 0.3000000000000000444, 0.07499999999999998335 ) ) ;
#671 = ORIENTED_EDGE ( 'NONE', *, *, #45, .F. ) ;
#672 = VECTOR ( 'NONE', #490, 1000.000000000000000 ) ;
#673 = DIRECTION ( 'NONE',  ( -0.0000000000000000000, -0.0000000000000000000, -1.000000000000000000 ) ) ;
#674 = CARTESIAN_POINT ( 'NONE',  ( 0.8214066608531666036, 2.313934459120043918, 0.2750000000000000222 ) ) ;
#675 =( NAMED_UNIT ( * ) SI_UNIT ( $, .STERADIAN. ) SOLID_ANGLE_UNIT ( ) );
#676 = DIRECTION ( 'NONE',  ( 0.0000000000000000000, 0.0000000000000000000, 1.000000000000000000 ) ) ;
#677 = ORIENTED_EDGE ( 'NONE', *, *, #329, .T. ) ;
#678 = DIRECTION ( 'NONE',  ( -1.000000000000000000, 0.0000000000000000000, 0.0000000000000000000 ) ) ;
#679 = EDGE_CURVE ( 'NONE', #746, #654, #1102, .T. ) ;
#680 = CARTESIAN_POINT ( 'NONE',  ( 2.213107827073334199, 1.389438084903783066, 0.1909190088359996873 ) ) ;
#681 = CARTESIAN_POINT ( 'NONE',  ( -1.770000000000000018, 0.5000000000000000000, 0.2750000000000000222 ) ) ;
#682 = FACE_OUTER_BOUND ( 'NONE', #539, .T. ) ;
#683 = ORIENTED_EDGE ( 'NONE', *, *, #656, .T. ) ;
#684 = CARTESIAN_POINT ( 'NONE',  ( 2.110365949013414788, -1.359707860787529921, 0.2674267815294509854 ) ) ;
#685 = CARTESIAN_POINT ( 'NONE',  ( -0.9699999999999999734, -0.2999999999999999889, 0.2750000000000000222 ) ) ;
#686 = DIRECTION ( 'NONE',  ( 0.0000000000000000000, 0.0000000000000000000, 1.000000000000000000 ) ) ;
#687 = COLOUR_RGB ( '',0.8000000000000000444, 0.8000000000000000444, 0.8000000000000000444 ) ;
#688 = DIRECTION ( 'NONE',  ( -0.0000000000000000000, -0.0000000000000000000, -1.000000000000000000 ) ) ;
#689 = CARTESIAN_POINT ( 'NONE',  ( -2.000000000000000143E-17, -0.2999999999999999889, -2.975000000000000089 ) ) ;
#690 = PRESENTATION_LAYER_ASSIGNMENT (  '', '', ( #264 ) ) ;
#691 = ORIENTED_EDGE ( 'NONE', *, *, #235, .T. ) ;
#692 = CYLINDRICAL_SURFACE ( 'NONE', #441, 0.1999999999999999833 ) ;
#693 = VECTOR ( 'NONE', #1028, 1000.000000000000000 ) ;
#694 = CARTESIAN_POINT ( 'NONE',  ( -0.7700000000000000178, -0.5000000000000000000, 0.2750000000000000222 ) ) ;
#695 = CARTESIAN_POINT ( 'NONE',  ( -2.249999999953060659, -1.400000000075438455, 0.07499999999999999722 ) ) ;
#696 = LINE ( 'NONE', #487, #148 ) ;
#697 = EDGE_LOOP ( 'NONE', ( #67, #865, #1080, #177 ) ) ;
#698 = CARTESIAN_POINT ( 'NONE',  ( 1.569999999999999840, -0.3000000000000000444, 0.1921572875253809154 ) ) ;
#699 = FACE_OUTER_BOUND ( 'NONE', #1023, .T. ) ;
#700 = SURFACE_STYLE_FILL_AREA ( #327 ) ;
#701 = CARTESIAN_POINT ( 'NONE',  ( -1.570000000000000062, 0.2999999999999999889, 0.07499999999999998335 ) ) ;
#702 = VERTEX_POINT ( 'NONE', #1107 ) ;
#703 = EDGE_CURVE ( 'NONE', #746, #219, #38, .T. ) ;
#704 = ORIENTED_EDGE ( 'NONE', *, *, #679, .T. ) ;
#705 = DIRECTION ( 'NONE',  ( 0.0000000000000000000, 0.0000000000000000000, 1.000000000000000000 ) ) ;
#706 = CARTESIAN_POINT ( 'NONE',  ( -1.049929288294541241, -3.171875652206696206, 0.2750000000000701328 ) ) ;
#707 = SURFACE_SIDE_STYLE ('',( #1178 ) ) ;
#708 = ORIENTED_EDGE ( 'NONE', *, *, #1082, .F. ) ;
#709 = PLANE ( 'NONE',  #361 ) ;
#710 = VECTOR ( 'NONE', #176, 1000.000000000000000 ) ;
#711 = LINE ( 'NONE', #326, #819 ) ;
#712 = CARTESIAN_POINT ( 'NONE',  ( -2.080188679201784741, -1.294339622711191407, 0.2750000000000000777 ) ) ;
#713 =( NAMED_UNIT ( * ) SI_UNIT ( $, .STERADIAN. ) SOLID_ANGLE_UNIT ( ) );
#714 = VERTEX_POINT ( 'NONE', #1099 ) ;
#715 =( LENGTH_UNIT ( ) NAMED_UNIT ( * ) SI_UNIT ( .MILLI., .METRE. ) );
#716 = ORIENTED_EDGE ( 'NONE', *, *, #1190, .T. ) ;
#717 = CARTESIAN_POINT ( 'NONE',  ( -0.9699999999999999734, -0.3000000000000000444, 0.07499999999999998335 ) ) ;
#718 = EDGE_CURVE ( 'NONE', #7, #206, #94, .T. ) ;
#719 = CARTESIAN_POINT ( 'NONE',  ( -1.399997989819150579, 2.250001250777950101, 0.1921572875254363155 ) ) ;
#720 = PRESENTATION_STYLE_ASSIGNMENT (( #345 ) ) ;
#721 = EDGE_LOOP ( 'NONE', ( #436, #871, #62, #162, #297 ) ) ;
#722 =( NAMED_UNIT ( * ) PLANE_ANGLE_UNIT ( ) SI_UNIT ( $, .RADIAN. ) );
#723 = ORIENTED_EDGE ( 'NONE', *, *, #414, .F. ) ;
#724 = ADVANCED_FACE ( 'NONE', ( #951 ), #120, .F. ) ;
#725 = FILL_AREA_STYLE_COLOUR ( '', #319 ) ;
#726 = ORIENTED_EDGE ( 'NONE', *, *, #749, .F. ) ;
#727 = CARTESIAN_POINT ( 'NONE',  ( 0.1140520125699999998, 0.0000000000000000000, 1.024999999999999911 ) ) ;
#728 = ORIENTED_EDGE ( 'NONE', *, *, #299, .T. ) ;
#729 = VECTOR ( 'NONE', #644, 1000.000000000000000 ) ;
#730 = CARTESIAN_POINT ( 'NONE',  ( -2.499999999999999556, -4.999999999999999112, 6.225000000000001421 ) ) ;
#731 = ORIENTED_EDGE ( 'NONE', *, *, #1136, .T. ) ;
#732 = CARTESIAN_POINT ( 'NONE',  ( -0.9699999999999998623, 0.3000000000000000444, 0.1921572875253809154 ) ) ;
#733 = CARTESIAN_POINT ( 'NONE',  ( -2.417509329478678470, 0.4486416176522863286, 0.2750000000000000777 ) ) ;
#734 = ORIENTED_EDGE ( 'NONE', *, *, #933, .F. ) ;
#735 = DIRECTION ( 'NONE',  ( -0.0000000000000000000, -0.0000000000000000000, -1.000000000000000000 ) ) ;
#736 = SURFACE_STYLE_FILL_AREA ( #635 ) ;
#737 = CARTESIAN_POINT ( 'NONE',  ( -2.166639048281636892, -1.155928469565270289, 0.2750000000000000777 ) ) ;
#738 = CARTESIAN_POINT ( 'NONE',  ( 1.570000000000000062, -0.2999999999999999889, 0.07499999999999998335 ) ) ;
#739 = VERTEX_POINT ( 'NONE', #877 ) ;
#740 = EDGE_CURVE ( 'NONE', #1096, #254, #696, .T. ) ;
#741 = FACE_OUTER_BOUND ( 'NONE', #995, .T. ) ;
#742 = AXIS2_PLACEMENT_3D ( 'NONE', #543, #637, #255 ) ;
#743 = CARTESIAN_POINT ( 'NONE',  ( 2.500000000000000000, 0.0000000000000000000, 6.224999999999999645 ) ) ;
#744 = VECTOR ( 'NONE', #396, 1000.000000000000000 ) ;
#745 = DIRECTION ( 'NONE',  ( -0.0000000000000000000, 1.000000000000000000, 0.0000000000000000000 ) ) ;
#746 = VERTEX_POINT ( 'NONE', #777 ) ;
#747 = CARTESIAN_POINT ( 'NONE',  ( 2.500000000000000000, 2.531470935405002273E-32, 6.224999999999999645 ) ) ;
#748 = CARTESIAN_POINT ( 'NONE',  ( -2.352861647003959611, -0.7021947916397819345, 0.2750000000000000222 ) ) ;
#749 = EDGE_CURVE ( 'NONE', #90, #836, #26, .T. ) ;
#750 = CARTESIAN_POINT ( 'NONE',  ( 0.9699999999999998623, 0.3000000000000000444, 0.1921572875253809431 ) ) ;
#751 = ORIENTED_EDGE ( 'NONE', *, *, #1197, .F. ) ;
#752 = CARTESIAN_POINT ( 'NONE',  ( 2.250000001715367404, -1.399999997243162264, 0.1255016440939343836 ) ) ;
#753 = CARTESIAN_POINT ( 'NONE',  ( 2.200610433635973084, 1.385820857162517239, 0.2067624239355061733 ) ) ;
#754 = DIRECTION ( 'NONE',  ( 0.0000000000000000000, 0.0000000000000000000, 1.000000000000000000 ) ) ;
#755 = EDGE_CURVE ( 'NONE', #739, #151, #863, .T. ) ;
#756 = CARTESIAN_POINT ( 'NONE',  ( -2.500000000000000000, 0.0000000000000000000, 1.024999999999999911 ) ) ;
#757 = DIRECTION ( 'NONE',  ( -0.0000000000000000000, -0.0000000000000000000, -1.000000000000000000 ) ) ;
#758 = EDGE_LOOP ( 'NONE', ( #555, #596, #816, #274 ) ) ;
#759 = VECTOR ( 'NONE', #799, 1000.000000000000000 ) ;
#760 = LINE ( 'NONE', #1131, #809 ) ;
#761 = VECTOR ( 'NONE', #220, 1000.000000000000000 ) ;
#762 = CARTESIAN_POINT ( 'NONE',  ( -2.649999999999999911, 0.0000000000000000000, 0.02500000000000000139 ) ) ;
#763 = EDGE_CURVE ( 'NONE', #1073, #1100, #850, .T. ) ;
#764 = PRODUCT_DEFINITION_FORMATION_WITH_SPECIFIED_SOURCE ( 'ANY', '', #1108, .NOT_KNOWN. ) ;
#765 = ORIENTED_EDGE ( 'NONE', *, *, #45, .T. ) ;
#766 = APPLICATION_CONTEXT ( 'automotive_design' ) ;
#767 = EDGE_CURVE ( 'NONE', #1001, #561, #977, .T. ) ;
#768 = SURFACE_STYLE_USAGE ( .BOTH. , #941 ) ;
#769 = CARTESIAN_POINT ( 'NONE',  ( -1.173522367382902054, 2.156447703475791844, 0.2750000000000000777 ) ) ;
#770 = CARTESIAN_POINT ( 'NONE',  ( -0.9699999999999999734, 0.5000000000000000000, 0.07499999999999999722 ) ) ;
#771 = VERTEX_POINT ( 'NONE', #595 ) ;
#772 = FACE_OUTER_BOUND ( 'NONE', #372, .T. ) ;
#773 = UNCERTAINTY_MEASURE_WITH_UNIT (LENGTH_MEASURE( 1.000000000000000082E-05 ), #1135, 'distance_accuracy_value', 'NONE');
#774 = CARTESIAN_POINT ( 'NONE',  ( 2.249999999952315033, 1.400000000075951601, 0.07499999999999998335 ) ) ;
#775 = CARTESIAN_POINT ( 'NONE',  ( -2.201411345071595083, 1.092102585270873671, 0.2750000000000000222 ) ) ;
#776 = LINE ( 'NONE', #950, #1148 ) ;
#777 = CARTESIAN_POINT ( 'NONE',  ( 1.570000000000000284, 0.2999999999999999889, 0.07499999999999996947 ) ) ;
#778 = VERTEX_POINT ( 'NONE', #1125 ) ;
#779 = LINE ( 'NONE', #959, #16 ) ;
#780 = APPLICATION_PROTOCOL_DEFINITION ( 'draft international standard', 'automotive_design', 1998, #766 ) ;
#781 = CARTESIAN_POINT ( 'NONE',  ( 0.1816496934149047504, 2.444702433724727619, 0.2750000000000000222 ) ) ;
#782 = VECTOR ( 'NONE', #1140, 1000.000000000000000 ) ;
#783 = CARTESIAN_POINT ( 'NONE',  ( -1.355568307264764849, -2.043486190583033046, 0.2749999999999999667 ) ) ;
#784 = AXIS2_PLACEMENT_3D ( 'NONE', #107, #688, #136 ) ;
#785 = ORIENTED_EDGE ( 'NONE', *, *, #1075, .T. ) ;
#786 = AXIS2_PLACEMENT_3D ( 'NONE', #1072, #801, #433 ) ;
#787 = CARTESIAN_POINT ( 'NONE',  ( 1.468944892501357291, 2.710595987280924657, 0.1921572875254363433 ) ) ;
#788 = ADVANCED_FACE ( 'NONE', ( #22 ), #957, .F. ) ;
#789 = LINE ( 'NONE', #650, #693 ) ;
#790 = ORIENTED_EDGE ( 'NONE', *, *, #763, .F. ) ;
#791 = CARTESIAN_POINT ( 'NONE',  ( 1.652842712474619224, -0.3828427124746189292, 0.2749999999999999667 ) ) ;
#792 = CARTESIAN_POINT ( 'NONE',  ( 1.570000000000000062, -0.2999999999999999889, 0.2750000000000000222 ) ) ;
#793 = DIRECTION ( 'NONE',  ( -1.000000000000000000, -0.0000000000000000000, -0.0000000000000000000 ) ) ;
#794 = DIRECTION ( 'NONE',  ( -0.0000000000000000000, -0.0000000000000000000, -1.000000000000000000 ) ) ;
#795 = EDGE_CURVE ( 'NONE', #449, #53, #12, .T. ) ;
#796 = ORIENTED_EDGE ( 'NONE', *, *, #1110, .T. ) ;
#797 = EDGE_LOOP ( 'NONE', ( #785, #509, #617, #468 ) ) ;
#798 = SHAPE_DEFINITION_REPRESENTATION ( #181, #517 ) ;
#799 = DIRECTION ( 'NONE',  ( 0.0000000000000000000, 0.0000000000000000000, -1.000000000000000000 ) ) ;
#800 = LINE ( 'NONE', #432, #36 ) ;
#801 = DIRECTION ( 'NONE',  ( 0.0000000000000000000, 0.0000000000000000000, -1.000000000000000000 ) ) ;
#802 =( BOUNDED_SURFACE ( )  B_SPLINE_SURFACE ( 3, 3, ( 
 ( #743, #289, #1015, #918 ),
 ( #1112, #173, #928, #1033 ),
 ( #359, #285, #188, #730 ),
 ( #640, #563, #370, #97 ) ),
 .UNSPECIFIED., .F., .F., .T. ) 
 B_SPLINE_SURFACE_WITH_KNOTS ( ( 4, 4 ),
 ( 4, 4 ),
 ( 0.0000000000000000000, 1.000000000000000000 ),
 ( 0.0000000000000000000, 1.000000000000000000 ),
 .UNSPECIFIED. ) 
 GEOMETRIC_REPRESENTATION_ITEM ( )  RATIONAL_B_SPLINE_SURFACE ( (
 ( 1.000000000000000000, 0.3333333333333334259, 0.3333333333333334259, 1.000000000000000000),
 ( 0.3333333333333333703, 0.1111111111111111605, 0.1111111111111111605, 0.3333333333333333703),
 ( 0.3333333333333333703, 0.1111111111111111605, 0.1111111111111111605, 0.3333333333333333703),
 ( 1.000000000000000000, 0.3333333333333334259, 0.3333333333333334259, 1.000000000000000000) ) ) 
 REPRESENTATION_ITEM ( '' )  SURFACE ( )  );
#803 = ORIENTED_EDGE ( 'NONE', *, *, #1104, .F. ) ;
#804 = CARTESIAN_POINT ( 'NONE',  ( -1.570000000000000284, -0.2999999999999999889, 0.07499999999999998335 ) ) ;
#805 =( GEOMETRIC_REPRESENTATION_CONTEXT ( 3 ) GLOBAL_UNCERTAINTY_ASSIGNED_CONTEXT ( ( #1091 ) ) GLOBAL_UNIT_ASSIGNED_CONTEXT ( ( #1111, #1138, #307 ) ) REPRESENTATION_CONTEXT ( 'NONE', 'WORKASPACE' ) );
#806 = EDGE_CURVE ( 'NONE', #55, #74, #309, .T. ) ;
#807 = ORIENTED_EDGE ( 'NONE', *, *, #1087, .T. ) ;
#808 = ADVANCED_FACE ( 'NONE', ( #682 ), #1055, .F. ) ;
#809 = VECTOR ( 'NONE', #955, 1000.000000000000000 ) ;
#810 = CARTESIAN_POINT ( 'NONE',  ( -2.652215565442253453, 1.373274948486155500, 0.2750000000000698552 ) ) ;
#811 = ORIENTED_EDGE ( 'NONE', *, *, #431, .F. ) ;
#812 = VERTEX_POINT ( 'NONE', #417 ) ;
#813 = FILL_AREA_STYLE_COLOUR ( '', #377 ) ;
#814 = ORIENTED_EDGE ( 'NONE', *, *, #1013, .T. ) ;
#815 = PRESENTATION_STYLE_ASSIGNMENT (( #47 ) ) ;
#816 = ORIENTED_EDGE ( 'NONE', *, *, #767, .F. ) ;
#817 = DIRECTION ( 'NONE',  ( 1.000000000000000000, 0.0000000000000000000, -0.0000000000000000000 ) ) ;
#818 =( NAMED_UNIT ( * ) SI_UNIT ( $, .STERADIAN. ) SOLID_ANGLE_UNIT ( ) );
#819 = VECTOR ( 'NONE', #251, 1000.000000000000000 ) ;
#820 = ORIENTED_EDGE ( 'NONE', *, *, #854, .T. ) ;
#821 = PRESENTATION_LAYER_ASSIGNMENT (  '', '', ( #514 ) ) ;
#822 =( GEOMETRIC_REPRESENTATION_CONTEXT ( 3 ) GLOBAL_UNCERTAINTY_ASSIGNED_CONTEXT ( ( #915 ) ) GLOBAL_UNIT_ASSIGNED_CONTEXT ( ( #1094, #1079, #713 ) ) REPRESENTATION_CONTEXT ( 'NONE', 'WORKASPACE' ) );
#823 = DIRECTION ( 'NONE',  ( 0.0000000000000000000, 0.0000000000000000000, -1.000000000000000000 ) ) ;
#824 =( LENGTH_UNIT ( ) NAMED_UNIT ( * ) SI_UNIT ( .MILLI., .METRE. ) );
#825 = CARTESIAN_POINT ( 'NONE',  ( -2.445313767807280492, 0.2185153195313830621, 0.2750000000000000777 ) ) ;
#826 = ORIENTED_EDGE ( 'NONE', *, *, #988, .F. ) ;
#827 = CARTESIAN_POINT ( 'NONE',  ( 0.0000000000000000000, 0.0000000000000000000, 1.024999999999999911 ) ) ;
#828 = FILL_AREA_STYLE_COLOUR ( '', #1022 ) ;
#829 = CARTESIAN_POINT ( 'NONE',  ( 2.500000000000000000, 1.469693845670453136, 1.024999999999999911 ) ) ;
#830 = CARTESIAN_POINT ( 'NONE',  ( 0.7700000000000000178, 0.2999999999999999889, 0.07499999999999999722 ) ) ;
#831 = EDGE_LOOP ( 'NONE', ( #826, #626, #716, #820 ) ) ;
#832 = FACE_OUTER_BOUND ( 'NONE', #1056, .T. ) ;
#833 = DIRECTION ( 'NONE',  ( 0.5283018868209201635, -0.8490566037558718859, 0.0000000000000000000 ) ) ;
#834 =( BOUNDED_SURFACE ( )  B_SPLINE_SURFACE ( 3, 3, ( 
 ( #594, #507, #112, #876, #4, #853, #31 ),
 ( #1119, #253, #333, #1170, #810, #512, #624 ),
 ( #614, #787, #344, #719, #620, #51, #349 ),
 ( #257, #1153, #904, #991, #1003, #165, #44 ) ),
 .UNSPECIFIED., .F., .F., .T. ) 
 B_SPLINE_SURFACE_WITH_KNOTS ( ( 4, 4 ),
 ( 4, 3, 4 ),
 ( 0.0000000000000000000, 1.000000000000000000 ),
 ( 0.0000000000000000000, 0.5000000000000000000, 1.000000000000000000 ),
 .UNSPECIFIED. ) 
 GEOMETRIC_REPRESENTATION_ITEM ( )  RATIONAL_B_SPLINE_SURFACE ( (
 ( 1.000000000000000000, 0.8002738737763134269, 0.8002738737763134269, 1.000000000000000000, 0.8002738737763134269, 0.8002738737763134269, 1.000000000000000000),
 ( 0.8047378541242246053, 0.6440106798944310595, 0.6440106798944310595, 0.8047378541242246053, 0.6440106798944310595, 0.6440106798944310595, 0.8047378541242246053),
 ( 0.8047378541242246053, 0.6440106798944310595, 0.6440106798944310595, 0.8047378541242246053, 0.6440106798944310595, 0.6440106798944310595, 0.8047378541242246053),
 ( 1.000000000000000000, 0.8002738737763134269, 0.8002738737763134269, 1.000000000000000000, 0.8002738737763134269, 0.8002738737763134269, 1.000000000000000000) ) ) 
 REPRESENTATION_ITEM ( '' )  SURFACE ( )  );
#835 = FACE_OUTER_BOUND ( 'NONE', #1174, .T. ) ;
#836 = VERTEX_POINT ( 'NONE', #1154 ) ;
#837 = ADVANCED_FACE ( 'NONE', ( #1066, #233, #350 ), #892, .T. ) ;
#838 = CIRCLE ( 'NONE', #318, 2.500000000000000000 ) ;
#839 = FILL_AREA_STYLE_COLOUR ( '', #942 ) ;
#840 = CIRCLE ( 'NONE', #17, 2.899999999999999911 ) ;
#841 =( GEOMETRIC_REPRESENTATION_CONTEXT ( 3 ) GLOBAL_UNCERTAINTY_ASSIGNED_CONTEXT ( ( #629 ) ) GLOBAL_UNIT_ASSIGNED_CONTEXT ( ( #927, #916, #935 ) ) REPRESENTATION_CONTEXT ( 'NONE', 'WORKASPACE' ) );
#842 = LINE ( 'NONE', #81, #1203 ) ;
#843 = CARTESIAN_POINT ( 'NONE',  ( 1.254611039855814347, -2.107275130144842912, 0.2750000000000000777 ) ) ;
#844 = ORIENTED_EDGE ( 'NONE', *, *, #664, .T. ) ;
#845 = LINE ( 'NONE', #201, #672 ) ;
#846 = EDGE_CURVE ( 'NONE', #984, #346, #363, .T. ) ;
#847 = CARTESIAN_POINT ( 'NONE',  ( 0.0000000000000000000, 0.0000000000000000000, 1.024999999999999911 ) ) ;
#848 = EDGE_CURVE ( 'NONE', #812, #74, #945, .T. ) ;
#849 = DIRECTION ( 'NONE',  ( 0.0000000000000000000, 0.0000000000000000000, 1.000000000000000000 ) ) ;
#850 = LINE ( 'NONE', #689, #864 ) ;
#851 = ORIENTED_EDGE ( 'NONE', *, *, #6, .T. ) ;
#852 = LINE ( 'NONE', #9, #554 ) ;
#853 = CARTESIAN_POINT ( 'NONE',  ( -2.848186704869084096, -0.1112053995460278166, 0.2750000000000000222 ) ) ;
#854 = EDGE_CURVE ( 'NONE', #659, #391, #222, .T. ) ;
#855 = DIRECTION ( 'NONE',  ( 0.0000000000000000000, 0.0000000000000000000, 1.000000000000000000 ) ) ;
#856 = ORIENTED_EDGE ( 'NONE', *, *, #339, .T. ) ;
#857 = PLANE ( 'NONE',  #925 ) ;
#858 = CARTESIAN_POINT ( 'NONE',  ( 2.183723830624904050, -1.380945681128466163, 0.2238165613495964879 ) ) ;
#859 = SURFACE_STYLE_FILL_AREA ( #193 ) ;
#860 = CARTESIAN_POINT ( 'NONE',  ( -1.437036582246424388, 1.984722283108040886, 0.2749999999999999667 ) ) ;
#861 =( GEOMETRIC_REPRESENTATION_CONTEXT ( 3 ) GLOBAL_UNCERTAINTY_ASSIGNED_CONTEXT ( ( #228 ) ) GLOBAL_UNIT_ASSIGNED_CONTEXT ( ( #472, #82, #818 ) ) REPRESENTATION_CONTEXT ( 'NONE', 'WORKASPACE' ) );
#862 = CARTESIAN_POINT ( 'NONE',  ( 2.500000000000000000, -1.469693845670453136, 0.02500000000000000139 ) ) ;
#863 = LINE ( 'NONE', #1145, #1025 ) ;
#864 = VECTOR ( 'NONE', #1141, 1000.000000000000000 ) ;
#865 = ORIENTED_EDGE ( 'NONE', *, *, #625, .T. ) ;
#866 = CARTESIAN_POINT ( 'NONE',  ( -0.9699999999999999734, 0.3000000000000000444, 0.07499999999999995559 ) ) ;
#867 = MANIFOLD_SOLID_BREP ( 'Imported1', #1002 ) ;
#868 = CARTESIAN_POINT ( 'NONE',  ( -1.536307741091716972, 1.911655087876184655, 0.2750000000000000777 ) ) ;
#869 = PLANE ( 'NONE',  #1004 ) ;
#870 = DIRECTION ( 'NONE',  ( -0.0000000000000000000, -0.0000000000000000000, 1.000000000000000000 ) ) ;
#871 = ORIENTED_EDGE ( 'NONE', *, *, #988, .T. ) ;
#872 = CARTESIAN_POINT ( 'NONE',  ( 1.570000000000000284, -0.2999999999999999889, 0.07499999999999998335 ) ) ;
#873 = EDGE_CURVE ( 'NONE', #429, #1161, #438, .T. ) ;
#874 = CARTESIAN_POINT ( 'NONE',  ( 2.500000000000000000, 3.061616997868383141E-16, 1.024999999999999911 ) ) ;
#875 = CARTESIAN_POINT ( 'NONE',  ( 0.0000000000000000000, 0.0000000000000000000, 0.07499999999999999722 ) ) ;
#876 = CARTESIAN_POINT ( 'NONE',  ( -1.294337764172359018, 2.080189835624795869, 0.2750000000000000222 ) ) ;
#877 = CARTESIAN_POINT ( 'NONE',  ( 0.9699999999999999734, 0.2999999999999999889, -2.975000000000000089 ) ) ;
#878 = VERTEX_POINT ( 'NONE', #905 ) ;
#879 = SURFACE_STYLE_USAGE ( .BOTH. , #597 ) ;
#880 = ADVANCED_FACE ( 'NONE', ( #636 ), #884, .T. ) ;
#881 = DIRECTION ( 'NONE',  ( -1.000000000000000000, 0.0000000000000000000, 0.0000000000000000000 ) ) ;
#882 = PRESENTATION_LAYER_ASSIGNMENT (  '', '', ( #197 ) ) ;
#883 = CARTESIAN_POINT ( 'NONE',  ( 2.095786821475940975, -1.268927735896409281, 0.2750000000000000222 ) ) ;
#884 = CYLINDRICAL_SURFACE ( 'NONE', #536, 2.500000000000000000 ) ;
#885 = AXIS2_PLACEMENT_3D ( 'NONE', #1168, #147, #996 ) ;
#886 = PRESENTATION_LAYER_ASSIGNMENT (  '', '', ( #60 ) ) ;
#887 = ORIENTED_EDGE ( 'NONE', *, *, #70, .F. ) ;
#888 = AXIS2_PLACEMENT_3D ( 'NONE', #1042, #194, #313 ) ;
#889 = PLANE ( 'NONE',  #39 ) ;
#890 = EDGE_CURVE ( 'NONE', #520, #836, #444, .T. ) ;
#891 = CARTESIAN_POINT ( 'NONE',  ( 1.123578089427937909, -3.260800225439540956, 0.1921572875254365098 ) ) ;
#892 = PLANE ( 'NONE',  #786 ) ;
#893 = ORIENTED_EDGE ( 'NONE', *, *, #452, .T. ) ;
#894 = SURFACE_STYLE_FILL_AREA ( #331 ) ;
#895 = ORIENTED_EDGE ( 'NONE', *, *, #553, .T. ) ;
#896 = DIRECTION ( 'NONE',  ( 0.0000000000000000000, 0.0000000000000000000, 1.000000000000000000 ) ) ;
#897 = CARTESIAN_POINT ( 'NONE',  ( -2.899999999999999911, 0.0000000000000000000, 1.024999999999999911 ) ) ;
#898 = DIRECTION ( 'NONE',  ( -1.000000000000000000, 0.0000000000000000000, 0.0000000000000000000 ) ) ;
#899 = EDGE_CURVE ( 'NONE', #1194, #243, #789, .T. ) ;
#900 = ORIENTED_EDGE ( 'NONE', *, *, #933, .T. ) ;
#901 = DIRECTION ( 'NONE',  ( 0.0000000000000000000, 0.0000000000000000000, -1.000000000000000000 ) ) ;
#902 = ORIENTED_EDGE ( 'NONE', *, *, #3, .F. ) ;
#903 = DIRECTION ( 'NONE',  ( -1.000000000000000000, 0.0000000000000000000, 0.0000000000000000000 ) ) ;
#904 = CARTESIAN_POINT ( 'NONE',  ( -0.06219285297551354480, 3.082411677973602604, 0.07499999999999998335 ) ) ;
#905 = CARTESIAN_POINT ( 'NONE',  ( -2.899999999999999911, 0.0000000000000000000, 0.02500000000000000139 ) ) ;
#906 = VERTEX_POINT ( 'NONE', #462 ) ;
#907 = CARTESIAN_POINT ( 'NONE',  ( 1.770000000000000018, -2.699999999999999993E-16, 0.2750000000000000222 ) ) ;
#908 = AXIS2_PLACEMENT_3D ( 'NONE', #275, #917, #450 ) ;
#909 = VECTOR ( 'NONE', #973, 1000.000000000000000 ) ;
#910 = ORIENTED_EDGE ( 'NONE', *, *, #1183, .T. ) ;
#911 = CARTESIAN_POINT ( 'NONE',  ( -2.249999999953060659, -1.400000000075438678, 0.1921572875254365653 ) ) ;
#912 = CARTESIAN_POINT ( 'NONE',  ( 0.0000000000000000000, 0.0000000000000000000, 0.02500000000000000139 ) ) ;
#913 = ORIENTED_EDGE ( 'NONE', *, *, #373, .T. ) ;
#914 = CARTESIAN_POINT ( 'NONE',  ( 2.500000000000000000, 1.469693845671000032, 0.02500000000000000139 ) ) ;
#915 = UNCERTAINTY_MEASURE_WITH_UNIT (LENGTH_MEASURE( 1.000000000000000082E-05 ), #1094, 'distance_accuracy_value', 'NONE');
#916 =( NAMED_UNIT ( * ) PLANE_ANGLE_UNIT ( ) SI_UNIT ( $, .RADIAN. ) );
#917 = DIRECTION ( 'NONE',  ( 0.0000000000000000000, -1.000000000000000000, 0.0000000000000000000 ) ) ;
#918 = CARTESIAN_POINT ( 'NONE',  ( 2.500000000000000000, 0.0000000000000000000, 6.224999999999999645 ) ) ;
#919 = DIRECTION ( 'NONE',  ( 1.000000000000000000, 0.0000000000000000000, 0.0000000000000000000 ) ) ;
#920 = ORIENTED_EDGE ( 'NONE', *, *, #1082, .T. ) ;
#921 = CARTESIAN_POINT ( 'NONE',  ( -2.080250889858376695, -1.294378470982420648, 0.2750000000000000222 ) ) ;
#922 = ADVANCED_FACE ( 'NONE', ( #383 ), #1195, .F. ) ;
#923 = CARTESIAN_POINT ( 'NONE',  ( 1.591867361311479323, -1.863050210601317813, 0.2749999999999999667 ) ) ;
#924 = ORIENTED_EDGE ( 'NONE', *, *, #990, .F. ) ;
#925 = AXIS2_PLACEMENT_3D ( 'NONE', #1051, #1142, #496 ) ;
#926 = AXIS2_PLACEMENT_3D ( 'NONE', #875, #1139, #480 ) ;
#927 =( LENGTH_UNIT ( ) NAMED_UNIT ( * ) SI_UNIT ( .MILLI., .METRE. ) );
#928 = CARTESIAN_POINT ( 'NONE',  ( 2.500000000000000000, -4.999999999999999112, 16.22499999999999432 ) ) ;
#929 = CARTESIAN_POINT ( 'NONE',  ( -1.570000000000000062, 0.2999999999999999889, 0.2750000000000000222 ) ) ;
#930 = ORIENTED_EDGE ( 'NONE', *, *, #414, .T. ) ;
#931 = CARTESIAN_POINT ( 'NONE',  ( -2.899999999999999911, 0.0000000000000000000, 0.02500000000000000139 ) ) ;
#932 = CARTESIAN_POINT ( 'NONE',  ( 1.570000000000000284, 0.2999999999999999889, 0.07499999999999996947 ) ) ;
#933 = EDGE_CURVE ( 'NONE', #346, #878, #559, .T. ) ;
#934 = ORIENTED_EDGE ( 'NONE', *, *, #1018, .F. ) ;
#935 =( NAMED_UNIT ( * ) SI_UNIT ( $, .STERADIAN. ) SOLID_ANGLE_UNIT ( ) );
#936 = DIRECTION ( 'NONE',  ( 1.000000000000000000, 0.0000000000000000000, 0.0000000000000000000 ) ) ;
#937 = CARTESIAN_POINT ( 'NONE',  ( 1.471100146892838190, -1.959932723531663923, 0.2749999999999999667 ) ) ;
#938 = EDGE_LOOP ( 'NONE', ( #887, #1167, #163, #64 ) ) ;
#939 =( LENGTH_UNIT ( ) NAMED_UNIT ( * ) SI_UNIT ( .MILLI., .METRE. ) );
#940 = CIRCLE ( 'NONE', #784, 2.649999999999999911 ) ;
#941 = SURFACE_SIDE_STYLE ('',( #409 ) ) ;
#942 = COLOUR_RGB ( '',0.8000000000000000444, 0.8000000000000000444, 0.8000000000000000444 ) ;
#943 = AXIS2_PLACEMENT_3D ( 'NONE', #356, #608, #440 ) ;
#944 = DIRECTION ( 'NONE',  ( 0.0000000000000000000, 0.0000000000000000000, -1.000000000000000000 ) ) ;
#945 = CIRCLE ( 'NONE', #1155, 2.649999999999999911 ) ;
#946 = CARTESIAN_POINT ( 'NONE',  ( 1.570000000000000062, 0.2999999999999999889, 0.2750000000000000222 ) ) ;
#947 = ORIENTED_EDGE ( 'NONE', *, *, #130, .F. ) ;
#948 = DIRECTION ( 'NONE',  ( 1.000000000000000000, -0.0000000000000000000, -0.0000000000000000000 ) ) ;
#949 = CYLINDRICAL_SURFACE ( 'NONE', #1129, 0.2000000000000000389 ) ;
#950 = CARTESIAN_POINT ( 'NONE',  ( -0.9699999999999999734, -0.2999999999999999889, 0.07499999999999998335 ) ) ;
#951 = FACE_OUTER_BOUND ( 'NONE', #1134, .T. ) ;
#952 = VERTEX_POINT ( 'NONE', #1191 ) ;
#953 = CARTESIAN_POINT ( 'NONE',  ( 2.081777856295280671, -1.351115856424326855, 0.2750000000000190070 ) ) ;
#954 = CARTESIAN_POINT ( 'NONE',  ( 2.049999999951999996, 1.341640786573000232, 0.2750000000000000222 ) ) ;
#955 = DIRECTION ( 'NONE',  ( 0.0000000000000000000, 0.0000000000000000000, 1.000000000000000000 ) ) ;
#956 = FACE_OUTER_BOUND ( 'NONE', #488, .T. ) ;
#957 = CYLINDRICAL_SURFACE ( 'NONE', #267, 0.2000000000000000389 ) ;
#958 = EDGE_LOOP ( 'NONE', ( #532, #638, #49, #930 ) ) ;
#959 = CARTESIAN_POINT ( 'NONE',  ( -1.570000000000000062, -0.2999999999999999889, 0.2750000000000000222 ) ) ;
#960 = DIRECTION ( 'NONE',  ( -1.000000000000000000, 0.0000000000000000000, 0.0000000000000000000 ) ) ;
#961 = CARTESIAN_POINT ( 'NONE',  ( 1.964305560252433747, 1.472580158078508283, 0.2750000000000000777 ) ) ;
#962 = AXIS2_PLACEMENT_3D ( 'NONE', #540, #919, #901 ) ;
#963 = DIRECTION ( 'NONE',  ( -0.0000000000000000000, -0.0000000000000000000, -1.000000000000000000 ) ) ;
#964 = CARTESIAN_POINT ( 'NONE',  ( -2.080250889858376695, -1.294378470982420648, 0.2750000000000000222 ) ) ;
#965 = CIRCLE ( 'NONE', #182, 2.899999999999999911 ) ;
#966 = PRESENTATION_LAYER_ASSIGNMENT (  '', '', ( #202 ) ) ;
#967 = DIRECTION ( 'NONE',  ( 0.0000000000000000000, 0.0000000000000000000, 1.000000000000000000 ) ) ;
#968 = FACE_OUTER_BOUND ( 'NONE', #528, .T. ) ;
#969 = DIRECTION ( 'NONE',  ( 0.0000000000000000000, 1.000000000000000000, 0.0000000000000000000 ) ) ;
#970 = CARTESIAN_POINT ( 'NONE',  ( -2.649999999999999911, 0.0000000000000000000, 0.02500000000000000139 ) ) ;
#971 = CARTESIAN_POINT ( 'NONE',  ( -1.011369234287670116, -2.240623382494059346, 0.2749999999999999667 ) ) ;
#972 = VERTEX_POINT ( 'NONE', #552 ) ;
#973 = DIRECTION ( 'NONE',  ( 1.000000000000000000, -0.0000000000000000000, -0.0000000000000000000 ) ) ;
#974 = EDGE_CURVE ( 'NONE', #972, #151, #542, .T. ) ;
#975 = CARTESIAN_POINT ( 'NONE',  ( 0.0000000000000000000, 0.0000000000000000000, 1.024999999999999911 ) ) ;
#976 = CARTESIAN_POINT ( 'NONE',  ( 2.266871459963883950, -1.372513673520672883, 0.07499999999999998335 ) ) ;
#977 = LINE ( 'NONE', #582, #1062 ) ;
#978 = ORIENTED_EDGE ( 'NONE', *, *, #1034, .F. ) ;
#979 = DIRECTION ( 'NONE',  ( -0.0000000000000000000, -0.0000000000000000000, -1.000000000000000000 ) ) ;
#980 = ADVANCED_FACE ( 'NONE', ( #1010 ), #1209, .F. ) ;
#981 =( GEOMETRIC_REPRESENTATION_CONTEXT ( 3 ) GLOBAL_UNCERTAINTY_ASSIGNED_CONTEXT ( ( #242 ) ) GLOBAL_UNIT_ASSIGNED_CONTEXT ( ( #215, #592, #661 ) ) REPRESENTATION_CONTEXT ( 'NONE', 'WORKASPACE' ) );
#982 = PRESENTATION_STYLE_ASSIGNMENT (( #238 ) ) ;
#983 =( GEOMETRIC_REPRESENTATION_CONTEXT ( 3 ) GLOBAL_UNCERTAINTY_ASSIGNED_CONTEXT ( ( #48 ) ) GLOBAL_UNIT_ASSIGNED_CONTEXT ( ( #715, #722, #268 ) ) REPRESENTATION_CONTEXT ( 'NONE', 'WORKASPACE' ) );
#984 = VERTEX_POINT ( 'NONE', #829 ) ;
#985 = CARTESIAN_POINT ( 'NONE',  ( -1.569999999999999840, -0.3000000000000000444, 0.1921572875253809154 ) ) ;
#986 = ORIENTED_EDGE ( 'NONE', *, *, #625, .F. ) ;
#987 = UNCERTAINTY_MEASURE_WITH_UNIT (LENGTH_MEASURE( 1.000000000000000082E-05 ), #824, 'distance_accuracy_value', 'NONE');
#988 = EDGE_CURVE ( 'NONE', #206, #391, #457, .T. ) ;
#989 = SURFACE_STYLE_USAGE ( .BOTH. , #56 ) ;
#990 = EDGE_CURVE ( 'NONE', #739, #1073, #1202, .T. ) ;
#991 = CARTESIAN_POINT ( 'NONE',  ( -1.399997989819150579, 2.250001250777950101, 0.07499999999999999722 ) ) ;
#992 = CARTESIAN_POINT ( 'NONE',  ( 0.0000000000000000000, 0.0000000000000000000, 1.024999999999999911 ) ) ;
#993 = ORIENTED_EDGE ( 'NONE', *, *, #1075, .F. ) ;
#994 = DIRECTION ( 'NONE',  ( -1.000000000000000000, 0.0000000000000000000, 0.0000000000000000000 ) ) ;
#995 = EDGE_LOOP ( 'NONE', ( #671, #704, #691, #683 ) ) ;
#996 = DIRECTION ( 'NONE',  ( 0.0000000000000000000, 0.0000000000000000000, 1.000000000000000000 ) ) ;
#997 = LINE ( 'NONE', #523, #282 ) ;
#998 = CARTESIAN_POINT ( 'NONE',  ( 2.196005882388467612, -1.329606973285561988, 0.2750000000000700218 ) ) ;
#999 = EDGE_LOOP ( 'NONE', ( #447, #807, #1089 ) ) ;
#1000 = FACE_OUTER_BOUND ( 'NONE', #999, .T. ) ;
#1001 = VERTEX_POINT ( 'NONE', #179 ) ;
#1002 = CLOSED_SHELL ( 'NONE', ( #119, #880, #485, #980, #1158, #1012, #469, #1117, #290, #808, #252, #519, #1047, #146, #837, #788, #1029, #322, #425, #531, #724, #922, #579, #224, #52, #643, #362, #190, #455, #161, #1126, #160, #434 ) ) ;
#1003 = CARTESIAN_POINT ( 'NONE',  ( -2.737803126662787356, 1.417590823582298043, 0.07499999999999998335 ) ) ;
#1004 = AXIS2_PLACEMENT_3D ( 'NONE', #946, #1144, #849 ) ;
#1005 = ORIENTED_EDGE ( 'NONE', *, *, #740, .F. ) ;
#1006 = CARTESIAN_POINT ( 'NONE',  ( -0.9699999999999999734, -0.2999999999999999889, -2.975000000000000089 ) ) ;
#1007 = MECHANICAL_DESIGN_GEOMETRIC_PRESENTATION_REPRESENTATION (  '', ( #197 ), #180 ) ;
#1008 = ORIENTED_EDGE ( 'NONE', *, *, #854, .F. ) ;
#1009 = CYLINDRICAL_SURFACE ( 'NONE', #518, 2.500000000000000000 ) ;
#1010 = FACE_OUTER_BOUND ( 'NONE', #234, .T. ) ;
#1011 = ORIENTED_EDGE ( 'NONE', *, *, #102, .F. ) ;
#1012 = ADVANCED_FACE ( 'NONE', ( #272 ), #802, .T. ) ;
#1013 = EDGE_CURVE ( 'NONE', #206, #952, #618, .T. ) ;
#1014 =( NAMED_UNIT ( * ) SI_UNIT ( $, .STERADIAN. ) SOLID_ANGLE_UNIT ( ) );
#1015 = CARTESIAN_POINT ( 'NONE',  ( 2.500000000000000000, 0.0000000000000000000, 6.225000000000000533 ) ) ;
#1016 = LINE ( 'NONE', #548, #1041 ) ;
#1017 = ORIENTED_EDGE ( 'NONE', *, *, #504, .T. ) ;
#1018 = EDGE_CURVE ( 'NONE', #27, #878, #591, .T. ) ;
#1019 = LINE ( 'NONE', #183, #1173 ) ;
#1020 = CARTESIAN_POINT ( 'NONE',  ( 0.9699999999999999734, 0.2999999999999999889, 0.07499999999999998335 ) ) ;
#1021 = PLANE ( 'NONE',  #1024 ) ;
#1022 = COLOUR_RGB ( '',0.8000000000000000444, 0.8000000000000000444, 0.8000000000000000444 ) ;
#1023 = EDGE_LOOP ( 'NONE', ( #947, #856, #576, #602 ) ) ;
#1024 = AXIS2_PLACEMENT_3D ( 'NONE', #929, #286, #641 ) ;
#1025 = VECTOR ( 'NONE', #315, 1000.000000000000000 ) ;
#1026 = AXIS2_PLACEMENT_3D ( 'NONE', #1052, #673, #960 ) ;
#1027 = SURFACE_STYLE_USAGE ( .BOTH. , #1106 ) ;
#1028 = DIRECTION ( 'NONE',  ( -0.0000000000000000000, -0.0000000000000000000, -1.000000000000000000 ) ) ;
#1029 = ADVANCED_FACE ( 'NONE', ( #573 ), #949, .F. ) ;
#1030 = SURFACE_STYLE_USAGE ( .BOTH. , #189 ) ;
#1031 = ORIENTED_EDGE ( 'NONE', *, *, #740, .T. ) ;
#1032 = DIRECTION ( 'NONE',  ( 0.0000000000000000000, 0.0000000000000000000, 1.000000000000000000 ) ) ;
#1033 = CARTESIAN_POINT ( 'NONE',  ( 2.500000000000000000, -4.999999999999999112, 6.225000000000001421 ) ) ;
#1034 = EDGE_CURVE ( 'NONE', #659, #812, #1059, .T. ) ;
#1035 = CYLINDRICAL_SURFACE ( 'NONE', #398, 0.1999999999999999833 ) ;
#1036 = ORIENTED_EDGE ( 'NONE', *, *, #974, .F. ) ;
#1037 = CARTESIAN_POINT ( 'NONE',  ( 2.162180472833029388, 1.374706159222327084, 0.2455917220357538566 ) ) ;
#1038 = CARTESIAN_POINT ( 'NONE',  ( 0.6632835950488029653, 2.364275428194788642, 0.2750000000000000222 ) ) ;
#1039 = LINE ( 'NONE', #196, #588 ) ;
#1040 = EDGE_LOOP ( 'NONE', ( #380, #287 ) ) ;
#1041 = VECTOR ( 'NONE', #186, 1000.000000000000000 ) ;
#1042 = CARTESIAN_POINT ( 'NONE',  ( 0.0000000000000000000, 0.0000000000000000000, 0.02500000000000000139 ) ) ;
#1043 = CARTESIAN_POINT ( 'NONE',  ( 0.8871572875253810331, -0.3828427124746189292, 0.2749999999999999667 ) ) ;
#1044 = CARTESIAN_POINT ( 'NONE',  ( 0.3194812018287175315, -2.433221269018638999, 0.2749999999999999667 ) ) ;
#1045 = ORIENTED_EDGE ( 'NONE', *, *, #236, .T. ) ;
#1046 = CARTESIAN_POINT ( 'NONE',  ( -2.249999999953060215, -1.400000000075438455, 0.07499999999999999722 ) ) ;
#1047 = ADVANCED_FACE ( 'NONE', ( #106 ), #111, .F. ) ;
#1048 = CARTESIAN_POINT ( 'NONE',  ( 2.209131624093441548, 1.388287420052298993, 0.1963275599107198177 ) ) ;
#1049 = DIRECTION ( 'NONE',  ( 0.0000000000000000000, 0.0000000000000000000, 1.000000000000000000 ) ) ;
#1050 = SURFACE_STYLE_FILL_AREA ( #500 ) ;
#1051 = CARTESIAN_POINT ( 'NONE',  ( 0.9699999999999999734, -0.2999999999999999889, 0.2750000000000000222 ) ) ;
#1052 = CARTESIAN_POINT ( 'NONE',  ( 0.0000000000000000000, 0.0000000000000000000, 6.224999999999999645 ) ) ;
#1053 = CARTESIAN_POINT ( 'NONE',  ( 0.3438961014482306844, 2.427331495628273217, 0.2749999999999999112 ) ) ;
#1054 = LINE ( 'NONE', #756, #782 ) ;
#1055 = PLANE ( 'NONE',  #379 ) ;
#1056 = EDGE_LOOP ( 'NONE', ( #734, #446, #435, #13 ) ) ;
#1057 = DIRECTION ( 'NONE',  ( 1.000000000000000000, 0.0000000000000000000, -0.0000000000000000000 ) ) ;
#1058 = CARTESIAN_POINT ( 'NONE',  ( 2.250073082031466942, 1.399882546735152999, 0.1012418148817813418 ) ) ;
#1059 = LINE ( 'NONE', #491, #651 ) ;
#1060 = EDGE_CURVE ( 'NONE', #55, #254, #611, .T. ) ;
#1061 = CARTESIAN_POINT ( 'NONE',  ( -0.2430286114802221176, -2.446252023667404352, 0.2749999999999999667 ) ) ;
#1062 = VECTOR ( 'NONE', #225, 1000.000000000000000 ) ;
#1063 = ORIENTED_EDGE ( 'NONE', *, *, #806, .T. ) ;
#1064 = CARTESIAN_POINT ( 'NONE',  ( 0.0000000000000000000, 0.0000000000000000000, 6.224999999999999645 ) ) ;
#1065 = CARTESIAN_POINT ( 'NONE',  ( -2.500000000000000000, 0.0000000000000000000, 6.224999999999999645 ) ) ;
#1066 = FACE_BOUND ( 'NONE', #1068, .T. ) ;
#1067 = EDGE_CURVE ( 'NONE', #243, #23, #84, .T. ) ;
#1068 = EDGE_LOOP ( 'NONE', ( #1045, #583, #199, #1186 ) ) ;
#1069 = CARTESIAN_POINT ( 'NONE',  ( -0.9699999999999999734, 0.2999999999999999889, -2.975000000000000089 ) ) ;
#1070 = DIRECTION ( 'NONE',  ( 0.0000000000000000000, 0.0000000000000000000, -1.000000000000000000 ) ) ;
#1071 = SURFACE_SIDE_STYLE ('',( #700 ) ) ;
#1072 = CARTESIAN_POINT ( 'NONE',  ( 0.09876138132504999612, -2.699999999999999993E-16, 0.2750000000000000222 ) ) ;
#1073 = VERTEX_POINT ( 'NONE', #484 ) ;
#1074 = CARTESIAN_POINT ( 'NONE',  ( -0.9699999999999999734, -0.3000000000000000444, 0.07499999999999998335 ) ) ;
#1075 = EDGE_CURVE ( 'NONE', #1073, #972, #852, .T. ) ;
#1076 = CARTESIAN_POINT ( 'NONE',  ( 0.0000000000000000000, 0.0000000000000000000, 0.0000000000000000000 ) ) ;
#1077 = FILL_AREA_STYLE ('',( #43 ) ) ;
#1078 = STYLED_ITEM ( 'NONE', ( #558 ), #190 ) ;
#1079 =( NAMED_UNIT ( * ) PLANE_ANGLE_UNIT ( ) SI_UNIT ( $, .RADIAN. ) );
#1080 = ORIENTED_EDGE ( 'NONE', *, *, #525, .T. ) ;
#1081 = CARTESIAN_POINT ( 'NONE',  ( 0.7700000000000000178, -2.699999999999999993E-16, 0.2750000000000000222 ) ) ;
#1082 = EDGE_CURVE ( 'NONE', #714, #1161, #760, .T. ) ;
#1083 = CARTESIAN_POINT ( 'NONE',  ( 2.266871459963883950, -1.372513673520672661, 0.1921572875254365376 ) ) ;
#1084 = ORIENTED_EDGE ( 'NONE', *, *, #899, .F. ) ;
#1085 = SURFACE_SIDE_STYLE ('',( #894 ) ) ;
#1086 = DIRECTION ( 'NONE',  ( 1.000000000000000000, 0.0000000000000000000, 0.0000000000000000000 ) ) ;
#1087 = EDGE_CURVE ( 'NONE', #346, #449, #840, .T. ) ;
#1088 =( BOUNDED_CURVE ( )  B_SPLINE_CURVE ( 3, ( #804, #985, #174, #72 ),
 .UNSPECIFIED., .F., .F. ) 
 B_SPLINE_CURVE_WITH_KNOTS ( ( 4, 4 ),
 ( 3.141592653589793116, 4.712388980384689674 ),
 .UNSPECIFIED. ) 
 CURVE ( )  GEOMETRIC_REPRESENTATION_ITEM ( )  RATIONAL_B_SPLINE_CURVE ( ( 1.000000000000000000, 0.8047378541243649375, 0.8047378541243649375, 1.000000000000000000 ) ) 
 REPRESENTATION_ITEM ( '' )  );
#1089 = ORIENTED_EDGE ( 'NONE', *, *, #374, .F. ) ;
#1090 = LINE ( 'NONE', #914, #494 ) ;
#1091 = UNCERTAINTY_MEASURE_WITH_UNIT (LENGTH_MEASURE( 1.000000000000000082E-05 ), #1111, 'distance_accuracy_value', 'NONE');
#1092 = DIRECTION ( 'NONE',  ( 1.000000000000000000, 0.0000000000000000000, 0.0000000000000000000 ) ) ;
#1093 = PLANE ( 'NONE',  #587 ) ;
#1094 =( LENGTH_UNIT ( ) NAMED_UNIT ( * ) SI_UNIT ( .MILLI., .METRE. ) );
#1095 = EDGE_CURVE ( 'NONE', #85, #778, #997, .T. ) ;
#1096 = VERTEX_POINT ( 'NONE', #599 ) ;
#1097 = EDGE_LOOP ( 'NONE', ( #1198, #187, #1127, #610 ) ) ;
#1098 = VECTOR ( 'NONE', #239, 1000.000000000000000 ) ;
#1099 = CARTESIAN_POINT ( 'NONE',  ( -1.570000000000000062, 0.2999999999999999889, -2.975000000000000089 ) ) ;
#1100 = VERTEX_POINT ( 'NONE', #605 ) ;
#1101 = CARTESIAN_POINT ( 'NONE',  ( -2.356783901383110447, 0.6738897248460381517, 0.2749999999999999667 ) ) ;
#1102 = LINE ( 'NONE', #738, #221 ) ;
#1103 = ORIENTED_EDGE ( 'NONE', *, *, #397, .F. ) ;
#1104 = EDGE_CURVE ( 'NONE', #878, #53, #965, .T. ) ;
#1105 = EDGE_CURVE ( 'NONE', #702, #520, #159, .T. ) ;
#1106 = SURFACE_SIDE_STYLE ('',( #736 ) ) ;
#1107 = CARTESIAN_POINT ( 'NONE',  ( -1.570000000000000062, -0.2999999999999999889, -2.975000000000000089 ) ) ;
#1108 = PRODUCT ( '20C52D8C-E00A-4C90-81A1-5D30CE3CA97B', '20C52D8C-E00A-4C90-81A1-5D30CE3CA97B', '', ( #144 ) ) ;
#1109 = AXIS2_PLACEMENT_3D ( 'NONE', #185, #936, #1199 ) ;
#1110 = EDGE_CURVE ( 'NONE', #952, #7, #1019, .T. ) ;
#1111 =( LENGTH_UNIT ( ) NAMED_UNIT ( * ) SI_UNIT ( .MILLI., .METRE. ) );
#1112 = CARTESIAN_POINT ( 'NONE',  ( 2.500000000000000000, 4.999999999999999112, 6.224999999999999645 ) ) ;
#1113 = CARTESIAN_POINT ( 'NONE',  ( 1.940150957289475508, -1.509487903108676754, 0.2750000000000000222 ) ) ;
#1114 = ORIENTED_EDGE ( 'NONE', *, *, #679, .F. ) ;
#1115 = CARTESIAN_POINT ( 'NONE',  ( -1.570000000000000284, 0.2999999999999999889, 0.07499999999999998335 ) ) ;
#1116 = CARTESIAN_POINT ( 'NONE',  ( 2.230322320872700104, 1.394405969210677609, 0.1624528655146327827 ) ) ;
#1117 = ADVANCED_FACE ( 'NONE', ( #832 ), #375, .T. ) ;
#1118 = CARTESIAN_POINT ( 'NONE',  ( 0.9699999999999999734, 0.2999999999999999889, -2.975000000000000089 ) ) ;
#1119 = CARTESIAN_POINT ( 'NONE',  ( 2.204839959625064516, 1.314905810822542653, 0.2750000000000698552 ) ) ;
#1120 = ORIENTED_EDGE ( 'NONE', *, *, #76, .T. ) ;
#1121 = FILL_AREA_STYLE ('',( #133 ) ) ;
#1122 = CARTESIAN_POINT ( 'NONE',  ( 2.194884755987323466, 1.384163524406462509, 0.2129665404056502176 ) ) ;
#1123 = DIRECTION ( 'NONE',  ( -1.000000000000000000, 0.0000000000000000000, 0.0000000000000000000 ) ) ;
#1124 = DIRECTION ( 'NONE',  ( 0.0000000000000000000, 0.0000000000000000000, -1.000000000000000000 ) ) ;
#1125 = CARTESIAN_POINT ( 'NONE',  ( -1.770000000000000018, -0.5000000000000000000, 0.2750000000000000222 ) ) ;
#1126 = ADVANCED_FACE ( 'NONE', ( #741 ), #75, .T. ) ;
#1127 = ORIENTED_EDGE ( 'NONE', *, *, #1105, .F. ) ;
#1128 = AXIS2_PLACEMENT_3D ( 'NONE', #685, #2, #393 ) ;
#1129 = AXIS2_PLACEMENT_3D ( 'NONE', #128, #969, #686 ) ;
#1130 = CARTESIAN_POINT ( 'NONE',  ( -2.080250889858376695, -1.294378470982420648, 0.2750000000000000222 ) ) ;
#1131 = CARTESIAN_POINT ( 'NONE',  ( -1.570000000000000062, 0.2999999999999999889, 0.2750000000000000222 ) ) ;
#1132 = CARTESIAN_POINT ( 'NONE',  ( 2.500000000000000000, 1.469693845670453136, 0.02500000000000000139 ) ) ;
#1133 = CARTESIAN_POINT ( 'NONE',  ( 2.249999999952000174, 1.400000000076000006, 0.02500000000000000139 ) ) ;
#1134 = EDGE_LOOP ( 'NONE', ( #1114, #615, #1156, #1103 ) ) ;
#1135 =( LENGTH_UNIT ( ) NAMED_UNIT ( * ) SI_UNIT ( .MILLI., .METRE. ) );
#1136 = EDGE_CURVE ( 'NONE', #90, #418, #135, .T. ) ;
#1137 = PRESENTATION_STYLE_ASSIGNMENT (( #768 ) ) ;
#1138 =( NAMED_UNIT ( * ) PLANE_ANGLE_UNIT ( ) SI_UNIT ( $, .RADIAN. ) );
#1139 = DIRECTION ( 'NONE',  ( -0.0000000000000000000, -0.0000000000000000000, -1.000000000000000000 ) ) ;
#1140 = DIRECTION ( 'NONE',  ( -0.0000000000000000000, -0.0000000000000000000, -1.000000000000000000 ) ) ;
#1141 = DIRECTION ( 'NONE',  ( 1.000000000000000000, 0.0000000000000000000, -0.0000000000000000000 ) ) ;
#1142 = DIRECTION ( 'NONE',  ( 0.0000000000000000000, -1.000000000000000000, 0.0000000000000000000 ) ) ;
#1143 = CARTESIAN_POINT ( 'NONE',  ( -0.2912521969338609518, 2.437767149472468642, 0.2750000000000000222 ) ) ;
#1144 = DIRECTION ( 'NONE',  ( 0.0000000000000000000, 1.000000000000000000, -0.0000000000000000000 ) ) ;
#1145 = CARTESIAN_POINT ( 'NONE',  ( 0.9699999999999999734, 0.2999999999999999889, 0.2750000000000000222 ) ) ;
#1146 = ORIENTED_EDGE ( 'NONE', *, *, #848, .F. ) ;
#1147 =( NAMED_UNIT ( * ) SI_UNIT ( $, .STERADIAN. ) SOLID_ANGLE_UNIT ( ) );
#1148 = VECTOR ( 'NONE', #404, 1000.000000000000000 ) ;
#1149 = MECHANICAL_DESIGN_GEOMETRIC_PRESENTATION_REPRESENTATION (  '', ( #1078 ), #805 ) ;
#1150 = DIRECTION ( 'NONE',  ( -0.0000000000000000000, -0.0000000000000000000, -1.000000000000000000 ) ) ;
#1151 = CARTESIAN_POINT ( 'NONE',  ( 1.465452419123743688, 1.965127407213484334, 0.2750000000000000222 ) ) ;
#1152 = COLOUR_RGB ( '',0.8000000000000000444, 0.8000000000000000444, 0.8000000000000000444 ) ;
#1153 = CARTESIAN_POINT ( 'NONE',  ( 1.468944892501357513, 2.710595987280924213, 0.07499999999999998335 ) ) ;
#1154 = CARTESIAN_POINT ( 'NONE',  ( -0.9699999999999999734, 0.2999999999999999889, -2.975000000000000089 ) ) ;
#1155 = AXIS2_PLACEMENT_3D ( 'NONE', #912, #794, #513 ) ;
#1156 = ORIENTED_EDGE ( 'NONE', *, *, #504, .F. ) ;
#1157 = DIRECTION ( 'NONE',  ( 0.0000000000000000000, 0.0000000000000000000, 1.000000000000000000 ) ) ;
#1158 = ADVANCED_FACE ( 'NONE', ( #1189 ), #1009, .T. ) ;
#1159 = FILL_AREA_STYLE_COLOUR ( '', #80 ) ;
#1160 = EDGE_CURVE ( 'NONE', #778, #906, #845, .T. ) ;
#1161 = VERTEX_POINT ( 'NONE', #1115 ) ;
#1162 = DIRECTION ( 'NONE',  ( -0.0000000000000000000, -0.0000000000000000000, 1.000000000000000000 ) ) ;
#1163 = CARTESIAN_POINT ( 'NONE',  ( 0.0000000000000000000, 0.0000000000000000000, 0.02500000000000000139 ) ) ;
#1164 = DIRECTION ( 'NONE',  ( -0.0000000000000000000, -0.0000000000000000000, -1.000000000000000000 ) ) ;
#1165 = ORIENTED_EDGE ( 'NONE', *, *, #10, .T. ) ;
#1166 = FILL_AREA_STYLE_COLOUR ( '', #1193 ) ;
#1167 = ORIENTED_EDGE ( 'NONE', *, *, #130, .T. ) ;
#1168 = CARTESIAN_POINT ( 'NONE',  ( -0.9699999999999999734, 0.2999999999999999889, 0.2750000000000000222 ) ) ;
#1169 = CIRCLE ( 'NONE', #123, 2.649999999999999911 ) ;
#1170 = CARTESIAN_POINT ( 'NONE',  ( -1.356232091352840285, 2.179663059575732920, 0.2750000000000698552 ) ) ;
#1171 = CARTESIAN_POINT ( 'NONE',  ( 0.0000000000000000000, 0.0000000000000000000, 0.07499999999999999722 ) ) ;
#1172 = VECTOR ( 'NONE', #745, 1000.000000000000000 ) ;
#1173 = VECTOR ( 'NONE', #369, 1000.000000000000000 ) ;
#1174 = EDGE_LOOP ( 'NONE', ( #1036, #240, #330, #895 ) ) ;
#1175 =( BOUNDED_CURVE ( )  B_SPLINE_CURVE ( 3, ( #207, #407, #489, #400 ),
 .UNSPECIFIED., .F., .F. ) 
 B_SPLINE_CURVE_WITH_KNOTS ( ( 4, 4 ),
 ( 4.712388980384689674, 6.283185307179586232 ),
 .UNSPECIFIED. ) 
 CURVE ( )  GEOMETRIC_REPRESENTATION_ITEM ( )  RATIONAL_B_SPLINE_CURVE ( ( 1.000000000000000000, 0.8047378541243649375, 0.8047378541243649375, 1.000000000000000000 ) ) 
 REPRESENTATION_ITEM ( '' )  );
#1176 = ORIENTED_EDGE ( 'NONE', *, *, #431, .T. ) ;
#1177 = CARTESIAN_POINT ( 'NONE',  ( -0.7700000000000000178, -2.699999999999999993E-16, 0.2750000000000000222 ) ) ;
#1178 = SURFACE_STYLE_FILL_AREA ( #1185 ) ;
#1179 = CARTESIAN_POINT ( 'NONE',  ( 2.249999999952000174, 0.0000000000000000000, 0.02500000000000000139 ) ) ;
#1180 = FACE_OUTER_BOUND ( 'NONE', #439, .T. ) ;
#1181 = ORIENTED_EDGE ( 'NONE', *, *, #235, .F. ) ;
#1182 = FILL_AREA_STYLE_COLOUR ( '', #283 ) ;
#1183 = EDGE_CURVE ( 'NONE', #151, #746, #288, .T. ) ;
#1184 = FILL_AREA_STYLE ('',( #813 ) ) ;
#1185 = FILL_AREA_STYLE ('',( #725 ) ) ;
#1186 = ORIENTED_EDGE ( 'NONE', *, *, #1160, .T. ) ;
#1187 = LINE ( 'NONE', #907, #454 ) ;
#1188 = EDGE_LOOP ( 'NONE', ( #726, #607, #571, #621 ) ) ;
#1189 = FACE_OUTER_BOUND ( 'NONE', #495, .T. ) ;
#1190 = EDGE_CURVE ( 'NONE', #7, #659, #73, .T. ) ;
#1191 = CARTESIAN_POINT ( 'NONE',  ( 2.049999999951999996, 1.341640786573000232, 0.2750000000000000222 ) ) ;
#1192 = CARTESIAN_POINT ( 'NONE',  ( 0.9699999999999999734, 0.3000000000000000444, 0.07499999999999998335 ) ) ;
#1193 = COLOUR_RGB ( '',0.8000000000000000444, 0.8000000000000000444, 0.8000000000000000444 ) ;
#1194 = VERTEX_POINT ( 'NONE', #747 ) ;
#1195 = CYLINDRICAL_SURFACE ( 'NONE', #1109, 0.1999999999999999833 ) ;
#1196 = FILL_AREA_STYLE_COLOUR ( '', #125 ) ;
#1197 = EDGE_CURVE ( 'NONE', #131, #1194, #476, .T. ) ;
#1198 = ORIENTED_EDGE ( 'NONE', *, *, #408, .F. ) ;
#1199 = DIRECTION ( 'NONE',  ( 0.0000000000000000000, 0.0000000000000000000, -1.000000000000000000 ) ) ;
#1200 = LINE ( 'NONE', #371, #1172 ) ;
#1201 = ORIENTED_EDGE ( 'NONE', *, *, #1104, .T. ) ;
#1202 = LINE ( 'NONE', #1118, #200 ) ;
#1203 = VECTOR ( 'NONE', #277, 1000.000000000000000 ) ;
#1204 = VERTEX_POINT ( 'NONE', #392 ) ;
#1205 = VECTOR ( 'NONE', #28, 1000.000000000000000 ) ;
#1206 = AXIS2_PLACEMENT_3D ( 'NONE', #1171, #1164, #334 ) ;
#1207 =( LENGTH_UNIT ( ) NAMED_UNIT ( * ) SI_UNIT ( .MILLI., .METRE. ) );
#1208 =( GEOMETRIC_REPRESENTATION_CONTEXT ( 3 ) GLOBAL_UNCERTAINTY_ASSIGNED_CONTEXT ( ( #336 ) ) GLOBAL_UNIT_ASSIGNED_CONTEXT ( ( #1207, #15, #104 ) ) REPRESENTATION_CONTEXT ( 'NONE', 'WORKASPACE' ) );
#1209 = CYLINDRICAL_SURFACE ( 'NONE', #300, 2.649999999999999911 ) ;
#1210 = CARTESIAN_POINT ( 'NONE',  ( 0.9785830589790699419, -2.255926405661962342, 0.2749999999999999667 ) ) ;
#1211 = ORIENTED_EDGE ( 'NONE', *, *, #899, .T. ) ;
ENDSEC;
END-ISO-10303-21;
